focal_maple_ba_ft2_ac,maple_ba_ft2_ac,log1p_maple_ba,z_maple_ba,maple_sapling_present,spline_df,nonlinear_maple,cohort_label,maple_exposure_definition,predicted_probability,conf_low,conf_high,prediction_scale,covariate_profile,inference_method,observed_range_note
0,0,0,-1.6417829779464463,FALSE,3,TRUE,Full-cohort baseline,frame-corrected basal area of all live sugar-maple TREE records at least 1 inch DBH,0.8218854879773286,0.7445505620167765,0.8795941560822013,probability of no sugar-maple seedlings tallied,continuous adjusters at their means; no recorded disturbance or treatment; county random effect set to zero,pointwise Wald 95% confidence interval,curve restricted to the observed minimum through the observed 99th percentile of the cohort-specific sugar-maple exposure
0.032349886239498825,0.032349886239498825,0.031837646653074037,-1.6233907259068787,FALSE,3,TRUE,Full-cohort baseline,frame-corrected basal area of all live sugar-maple TREE records at least 1 inch DBH,0.8171378711234273,0.7393264223085628,0.8756297295667137,probability of no sugar-maple seedlings tallied,continuous adjusters at their means; no recorded disturbance or treatment; county random effect set to zero,pointwise Wald 95% confidence interval,curve restricted to the observed minimum through the observed 99th percentile of the cohort-specific sugar-maple exposure
0.06574628761870617,0.06574628761870617,0.06367529330614807,-1.6049984738673113,FALSE,3,TRUE,Full-cohort baseline,frame-corrected basal area of all live sugar-maple TREE records at least 1 inch DBH,0.8122936142956787,0.7339966350994865,0.871576508937342,probability of no sugar-maple seedlings tallied,continuous adjusters at their means; no recorded disturbance or treatment; county random effect set to zero,pointwise Wald 95% confidence interval,curve restricted to the observed minimum through the observed 99th percentile of the cohort-specific sugar-maple exposure
0.10022305878333951,0.10022305878333951,0.09551293995922211,-1.5866062218277437,FALSE,3,TRUE,Full-cohort baseline,frame-corrected basal area of all live sugar-maple TREE records at least 1 inch DBH,0.8073533333642434,0.728560398474314,0.8674360248153469,probability of no sugar-maple seedlings tallied,continuous adjusters at their means; no recorded disturbance or treatment; county random effect set to zero,pointwise Wald 95% confidence interval,curve restricted to the observed minimum through the observed 99th percentile of the cohort-specific sugar-maple exposure
0.13581514957305396,0.13581514957305396,0.12735058661229615,-1.5682139697881763,FALSE,3,TRUE,Full-cohort baseline,frame-corrected basal area of all live sugar-maple TREE records at least 1 inch DBH,0.8023178094911585,0.7230170904341773,0.863210019600623,probability of no sugar-maple seedlings tallied,continuous adjusters at their means; no recorded disturbance or treatment; county random effect set to zero,pointwise Wald 95% confidence interval,curve restricted to the observed minimum through the observed 99th percentile of the cohort-specific sugar-maple exposure
0.17255864045084163,0.17255864045084163,0.15918823326537018,-1.549821717748609,FALSE,3,TRUE,Full-cohort baseline,frame-corrected basal area of all live sugar-maple TREE records at least 1 inch DBH,0.7971879934194578,0.7173662912479946,0.8589004401596676,probability of no sugar-maple seedlings tallied,continuous adjusters at their means; no recorded disturbance or treatment; county random effect set to zero,pointwise Wald 95% confidence interval,curve restricted to the observed minimum through the observed 99th percentile of the cohort-specific sugar-maple exposure
0.21049077907856775,0.21049077907856775,0.19102587991844422,-1.5314294657090415,FALSE,3,TRUE,Full-cohort baseline,frame-corrected basal area of all live sugar-maple TREE records at least 1 inch DBH,0.7919650092831163,0.711607806469167,0.854509428397092,probability of no sugar-maple seedlings tallied,continuous adjusters at their means; no recorded disturbance or treatment; county random effect set to zero,pointwise Wald 95% confidence interval,curve restricted to the observed minimum through the observed 99th percentile of the cohort-specific sugar-maple exposure
0.24965001807572174,0.24965001807572174,0.22286352657151826,-1.513037213669474,FALSE,3,TRUE,Full-cohort baseline,frame-corrected basal area of all live sugar-maple TREE records at least 1 inch DBH,0.7866501578949248,0.7057416903425003,0.8500393097869261,probability of no sugar-maple seedlings tallied,continuous adjusters at their means; no recorded disturbance or treatment; county random effect set to zero,pointwise Wald 95% confidence interval,curve restricted to the observed minimum through the observed 99th percentile of the cohort-specific sugar-maple exposure
0.29007605399965897,0.29007605399965897,0.2547011732245923,-1.4946449616299067,FALSE,3,TRUE,Full-cohort baseline,frame-corrected basal area of all live sugar-maple TREE records at least 1 inch DBH,0.7812449194711014,0.6997682692813246,0.8454925799899934,probability of no sugar-maple seedlings tallied,continuous adjusters at their means; no recorded disturbance or treatment; county random effect set to zero,pointwise Wald 95% confidence interval,curve restricted to the observed minimum through the observed 99th percentile of the cohort-specific sugar-maple exposure
0.3318098675868495,0.3318098675868495,0.28653881987766633,-1.476252709590339,FALSE,3,TRUE,Full-cohort baseline,frame-corrected basal area of all live sugar-maple TREE records at least 1 inch DBH,0.775750955753655,0.6936881650534296,0.8408718897332909,probability of no sugar-maple seedlings tallied,continuous adjusters at their means; no recorded disturbance or treatment; county random effect set to zero,pointwise Wald 95% confidence interval,curve restricted to the observed minimum through the observed 99th percentile of the cohort-specific sugar-maple exposure
0.37489376529592605,0.37489376529592605,0.31837646653074037,-1.4578604575507716,FALSE,3,TRUE,Full-cohort baseline,frame-corrected basal area of all live sugar-maple TREE records at least 1 inch DBH,0.7701701114942163,0.6875023172788544,0.8361800281745226,probability of no sugar-maple seedlings tallied,continuous adjusters at their means; no recorded disturbance or treatment; county random effect set to zero,pointwise Wald 95% confidence interval,curve restricted to the observed minimum through the observed 99th percentile of the cohort-specific sugar-maple exposure
0.41937142219464546,0.41937142219464546,0.3502141131838144,-1.439468205511204,FALSE,3,TRUE,Full-cohort baseline,frame-corrected basal area of all live sugar-maple TREE records at least 1 inch DBH,0.764504415266264,0.6812120048149192,0.8314199050176249,probability of no sugar-maple seedlings tallied,continuous adjusters at their means; no recorded disturbance or treatment; county random effect set to zero,pointwise Wald 95% confidence interval,curve restricted to the observed minimum through the observed 99th percentile of the cohort-specific sugar-maple exposure
0.4652879262342379,0.4652879262342379,0.38205175983688844,-1.4210759534716368,FALSE,3,TRUE,Full-cohort baseline,frame-corrected basal area of all live sugar-maple TREE records at least 1 inch DBH,0.7587560795763589,0.6748188655861976,0.8265945316812219,probability of no sugar-maple seedlings tallied,continuous adjusters at their means; no recorded disturbance or treatment; county random effect set to zero,pointwise Wald 95% confidence interval,curve restricted to the observed minimum through the observed 99th percentile of the cohort-specific sugar-maple exposure
0.5126898239560267,0.5126898239560267,0.4138894064899625,-1.4026837014320694,FALSE,3,TRUE,Full-cohort baseline,frame-corrected basal area of all live sugar-maple TREE records at least 1 inch DBH,0.7529275002491654,0.6683249144111425,0.8217070018495879,probability of no sugar-maple seedlings tallied,continuous adjusters at their means; no recorded disturbance or treatment; county random effect set to zero,pointwise Wald 95% confidence interval,curve restricted to the observed minimum through the observed 99th percentile of the cohort-specific sugar-maple exposure
0.5616251676766516,0.5616251676766516,0.4457270531430365,-1.3842914493925018,FALSE,3,TRUE,Full-cohort baseline,frame-corrected basal area of all live sugar-maple TREE records at least 1 inch DBH,0.7470212550656457,0.6617325583841538,0.8167604717533569,probability of no sugar-maple seedlings tallied,continuous adjusters at their means; no recorded disturbance or treatment; county random effect set to zero,pointwise Wald 95% confidence interval,curve restricted to the observed minimum through the observed 99th percentile of the cohort-specific sugar-maple exposure
0.6121435641997296,0.6121435641997296,0.47756469979611055,-1.3658991973529344,FALSE,3,TRUE,Full-cohort baseline,frame-corrected basal area of all live sugar-maple TREE records at least 1 inch DBH,0.741040101638824,0.6550446093927875,0.8117581405338076,probability of no sugar-maple seedlings tallied,continuous adjusters at their means; no recorded disturbance or treatment; county random effect set to zero,pointwise Wald 95% confidence interval,curve restricted to the observed minimum through the observed 99th percentile of the cohort-specific sugar-maple exposure
0.664296225103331,0.664296225103331,0.5094023464491846,-1.347506945313367,FALSE,3,TRUE,Full-cohort baseline,frame-corrected basal area of all live sugar-maple TREE records at least 1 inch DBH,0.7349869745168958,0.6482642933847392,0.8067032310395665,probability of no sugar-maple seedlings tallied,continuous adjusters at their means; no recorded disturbance or treatment; county random effect set to zero,pointwise Wald 95% confidence interval,curve restricted to the observed minimum through the observed 99th percentile of the cohort-specific sugar-maple exposure
0.7181360186542513,0.7181360186542513,0.5412399931022587,-1.3291146932737994,FALSE,3,TRUE,Full-cohort baseline,frame-corrected basal area of all live sugar-maple TREE records at least 1 inch DBH,0.7288649815091534,0.641395256047647,0.8015989713880773,probability of no sugar-maple seedlings tallied,continuous adjusters at their means; no recorded disturbance or treatment; county random effect set to zero,pointwise Wald 95% confidence interval,curve restricted to the observed minimum through the observed 99th percentile of the cohort-specific sugar-maple exposure
0.7737175234017015,0.7737175234017015,0.5730776397553327,-1.310722441234232,FALSE,3,TRUE,Full-cohort baseline,frame-corrected basal area of all live sugar-maple TREE records at least 1 inch DBH,0.722677399236142,0.634441564625432,0.796448577596895,probability of no sugar-maple seedlings tallied,continuous adjusters at their means; no recorded disturbance or treatment; county random effect set to zero,pointwise Wald 95% confidence interval,curve restricted to the observed minimum through the observed 99th percentile of the cohort-specific sugar-maple exposure
0.8310970835047521,0.8310970835047521,0.6049152864084066,-1.2923301891946648,FALSE,3,TRUE,Full-cohort baseline,frame-corrected basal area of all live sugar-maple TREE records at least 1 inch DBH,0.7164276679116077,0.6274077056659598,0.7912552375530869,probability of no sugar-maple seedlings tallied,continuous adjusters at their means; no recorded disturbance or treatment; county random effect set to zero,pointwise Wald 95% confidence interval,curve restricted to the observed minimum through the observed 99th percentile of the cohort-specific sugar-maple exposure
0.890332865849609,0.890332865849609,0.6367529330614807,-1.273937937155097,FALSE,3,TRUE,Full-cohort baseline,frame-corrected basal area of all live sugar-maple TREE records at least 1 inch DBH,0.7101193853700528,0.6202985785738602,0.7860220965445106,probability of no sugar-maple seedlings tallied,continuous adjusters at their means; no recorded disturbance or treatment; county random effect set to zero,pointwise Wald 95% confidence interval,curve restricted to the observed minimum through the observed 99th percentile of the cohort-specific sugar-maple exposure
0.9514849190146298,0.9514849190146298,0.6685905797145548,-1.2555456851155298,FALSE,3,TRUE,Full-cohort baseline,frame-corrected basal area of all live sugar-maple TREE records at least 1 inch DBH,0.7037563003600297,0.6131194849265537,0.7807522445266889,probability of no sugar-maple seedlings tallied,continuous adjusters at their means; no recorded disturbance or treatment; county random effect set to zero,pointwise Wald 95% confidence interval,curve restricted to the observed minimum through the observed 99th percentile of the cohort-specific sugar-maple exposure
1.0146152341428505,1.0146152341428505,0.7004282263676288,-1.2371534330759622,FALSE,3,TRUE,Full-cohort baseline,frame-corrected basal area of all live sugar-maple TREE records at least 1 inch DBH,0.6973423051295765,0.6058761135978562,0.775448705245763,probability of no sugar-maple seedlings tallied,continuous adjusters at their means; no recorded disturbance or treatment; county random effect set to zero,pointwise Wald 95% confidence interval,curve restricted to the observed minimum through the observed 99th percentile of the cohort-specific sugar-maple exposure
1.0797878077837328,1.0797878077837328,0.7322658730207028,-1.2187611810363947,FALSE,3,TRUE,Full-cohort baseline,frame-corrected basal area of all live sugar-maple TREE records at least 1 inch DBH,0.6908814273363668,0.5985745218188785,0.7701144272840226,probability of no sugar-maple seedlings tallied,continuous adjusters at their means; no recorded disturbance or treatment; county random effect set to zero,pointwise Wald 95% confidence interval,curve restricted to the observed minimum through the observed 99th percentile of the cohort-specific sugar-maple exposure
1.1470687067678333,1.1470687067678333,0.7641035196737769,-1.2003689289968273,FALSE,3,TRUE,Full-cohort baseline,frame-corrected basal area of all live sugar-maple TREE records at least 1 inch DBH,0.6843778213211164,0.5912211123872907,0.764752277042095,probability of no sugar-maple seedlings tallied,continuous adjusters at their means; no recorded disturbance or treatment; county random effect set to zero,pointwise Wald 95% confidence interval,curve restricted to the observed minimum through the observed 99th percentile of the cohort-specific sugar-maple exposure
1.2165261351801608,1.2165261351801608,0.795941166326851,-1.1819766769572597,FALSE,3,TRUE,Full-cohort baseline,frame-corrected basal area of all live sugar-maple TREE records at least 1 inch DBH,0.6778357587884923,0.5838226073107579,0.7593650336231185,probability of no sugar-maple seedlings tallied,continuous adjusters at their means; no recorded disturbance or treatment; county random effect set to zero,pointwise Wald 95% confidence interval,curve restricted to the observed minimum through the observed 99th percentile of the cohort-specific sugar-maple exposure
1.288230503500115,1.288230503500115,0.827778812979925,-1.1635844249176923,FALSE,3,TRUE,Full-cohort baseline,frame-corrected basal area of all live sugar-maple TREE records at least 1 inch DBH,0.671259618945127,0.5763860182361537,0.7539553855408123,probability of no sugar-maple seedlings tallied,continuous adjusters at their means; no recorded disturbance or treatment; county random effect set to zero,pointwise Wald 95% confidence interval,curve restricted to the observed minimum through the observed 99th percentile of the cohort-specific sugar-maple exposure
1.3622544999780946,1.3622544999780946,0.8596164596329989,-1.145192172878125,FALSE,3,TRUE,Full-cohort baseline,frame-corrected basal area of all live sugar-maple TREE records at least 1 inch DBH,0.6646538781492544,0.568918614071303,0.7485259291365881,probability of no sugar-maple seedlings tallied,continuous adjusters at their means; no recorded disturbance or treatment; county random effect set to zero,pointwise Wald 95% confidence interval,curve restricted to the observed minimum through the observed 99th percentile of the cohort-specific sugar-maple exposure
1.4386731643211303,1.4386731643211303,0.891454106286073,-1.1267999208385575,FALSE,3,TRUE,Full-cohort baseline,frame-corrected basal area of all live sugar-maple TREE records at least 1 inch DBH,0.6580230991309397,0.5614278862492994,0.743079168561514,probability of no sugar-maple seedlings tallied,continuous adjusters at their means; no recorded disturbance or treatment; county random effect set to zero,pointwise Wald 95% confidence interval,curve restricted to the observed minimum through the observed 99th percentile of the cohort-specific sugar-maple exposure
1.5175639637622376,1.5175639637622376,0.9232917529391471,-1.1084076687989899,FALSE,3,TRUE,Full-cohort baseline,frame-corrected basal area of all live sugar-maple TREE records at least 1 inch DBH,0.6513719198457417,0.5539215121162551,0.7376175171574035,probability of no sugar-maple seedlings tallied,continuous adjusters at their means; no recorded disturbance or treatment; county random effect set to zero,pointwise Wald 95% confidence interval,curve restricted to the observed minimum through the observed 99th percentile of the cohort-specific sugar-maple exposure
1.5990068715906076,1.5990068715906076,0.9551293995922211,-1.0900154167594225,FALSE,3,TRUE,Full-cohort baseline,frame-corrected basal area of all live sugar-maple TREE records at least 1 inch DBH,0.6447050420279334,0.5464073169415775,0.7321433000574525,probability of no sugar-maple seedlings tallied,continuous adjusters at their means; no recorded disturbance or treatment; county random effect set to zero,pointwise Wald 95% confidence interval,curve restricted to the observed minimum through the observed 99th percentile of the cohort-specific sugar-maple exposure
1.6830844482222393,1.6830844482222393,0.9869670462452951,-1.071623164719855,FALSE,3,TRUE,Full-cohort baseline,frame-corrected basal area of all live sugar-maple TREE records at least 1 inch DBH,0.638027219512024,0.5388932350559396,0.7266587578202768,probability of no sugar-maple seedlings tallied,continuous adjusters at their means; no recorded disturbance or treatment; county random effect set to zero,pointwise Wald 95% confidence interval,curve restricted to the observed minimum through the observed 99th percentile of the cohort-specific sugar-maple exposure
1.7698819248931974,1.7698819248931974,1.0188046928983692,-1.0532309126802875,FALSE,3,TRUE,Full-cohort baseline,frame-corrected basal area of all live sugar-maple TREE records at least 1 inch DBH,0.6313432463932639,0.5313872706167669,0.7211660509111534,probability of no sugar-maple seedlings tallied,continuous adjusters at their means; no recorded disturbance or treatment; county random effect set to zero,pointwise Wald 95% confidence interval,curve restricted to the observed minimum through the observed 99th percentile of the cohort-specific sugar-maple exposure
1.8594872900603365,1.8594872900603365,1.0506423395514433,-1.03483866064072,FALSE,3,TRUE,Full-cohort baseline,frame-corrected basal area of all live sugar-maple TREE records at least 1 inch DBH,0.624657945099044,0.5238974584854481,0.7156672648498483,probability of no sugar-maple seedlings tallied,continuous adjusters at their means; no recorded disturbance or treatment; county random effect set to zero,pointwise Wald 95% confidence interval,curve restricted to the observed minimum through the observed 99th percentile of the cohort-specific sugar-maple exposure
1.9519913785970815,1.9519913785970815,1.0824799862045174,-1.0164464086011527,FALSE,3,TRUE,Full-cohort baseline,frame-corrected basal area of all live sugar-maple TREE records at least 1 inch DBH,0.6179761544435922,0.516431825675846,0.7101644158545739,probability of no sugar-maple seedlings tallied,continuous adjusters at their means; no recorded disturbance or treatment; county random effect set to zero,pointwise Wald 95% confidence interval,curve restricted to the observed minimum through the observed 99th percentile of the cohort-specific sugar-maple exposure
2.0474879638746777,2.0474879638746777,1.1143176328575912,-0.9980541565615852,FALSE,3,TRUE,Full-cohort baseline,frame-corrected basal area of all live sugar-maple TREE records at least 1 inch DBH,0.611302717738154,0.5089983538015367,0.7046594568253018,probability of no sugar-maple seedlings tallied,continuous adjusters at their means; no recorded disturbance or treatment; county random effect set to zero,pointwise Wald 95% confidence interval,curve restricted to the observed minimum through the observed 99th percentile of the cohort-specific sugar-maple exposure
2.1460738528222656,2.1460738528222656,1.1461552795106653,-0.9796619045220177,FALSE,3,TRUE,Full-cohort baseline,frame-corrected basal area of all live sugar-maple TREE records at least 1 inch DBH,0.6046424710278944,0.5016049429109934,0.6991542835258285,probability of no sugar-maple seedlings tallied,continuous adjusters at their means; no recorded disturbance or treatment; county random effect set to zero,pointwise Wald 95% confidence interval,curve restricted to the observed minimum through the observed 99th percentile of the cohort-specific sugar-maple exposure
2.247848984062128,2.247848984062128,1.1779929261637394,-0.9612696524824502,FALSE,3,TRUE,Full-cohort baseline,frame-corrected basal area of all live sugar-maple TREE records at least 1 inch DBH,0.5980002315251178,0.4942593770571647,0.6936507408416996,probability of no sugar-maple seedlings tallied,continuous adjusters at their means; no recorded disturbance or treatment; county random effect set to zero,pointwise Wald 95% confidence interval,curve restricted to the observed minimum through the observed 99th percentile of the cohort-specific sugar-maple exposure
2.352916529219609,2.352916529219609,1.2098305728168133,-0.9428774004428828,FALSE,3,TRUE,Full-cohort baseline,frame-corrected basal area of all live sugar-maple TREE records at least 1 inch DBH,0.591380786306097,0.4869692919019813,0.6881506290094856,probability of no sugar-maple seedlings tallied,continuous adjusters at their means; no recorded disturbance or treatment; county random effect set to zero,pointwise Wald 95% confidence interval,curve restricted to the observed minimum through the observed 99th percentile of the cohort-specific sugar-maple exposure
2.461382997510399,2.461382997510399,1.2416682194698874,-0.9244851484033154,FALSE,3,TRUE,Full-cohort baseline,frame-corrected basal area of all live sugar-maple TREE records at least 1 inch DBH,0.5847888813358618,0.47974214460859527,0.6826557097312979,probability of no sugar-maple seedlings tallied,continuous adjusters at their means; no recorded disturbance or treatment; county random effect set to zero,pointwise Wald 95% confidence interval,curve restricted to the observed minimum through the observed 99th percentile of the cohort-specific sugar-maple exposure
2.5733583437111958,2.5733583437111958,1.2735058661229615,-0.9060928963637479,FALSE,3,TRUE,Full-cohort baseline,frame-corrected basal area of all live sugar-maple TREE records at least 1 inch DBH,0.5782292108817887,0.47258518622578255,0.6771677121062283,probability of no sugar-maple seedlings tallied,continuous adjusters at their means; no recorded disturbance or treatment; county random effect set to zero,pointwise Wald 95% confidence interval,curve restricted to the observed minimum through the observed 99th percentile of the cohort-specific sugar-maple exposure
2.6889560796232175,2.6889560796232175,1.3053435127760356,-0.8877006443241804,FALSE,3,TRUE,Full-cohort baseline,frame-corrected basal area of all live sugar-maple TREE records at least 1 inch DBH,0.5717064073727935,0.46550543672098926,0.6716883383272042,probability of no sugar-maple seedlings tallied,continuous adjusters at their means; no recorded disturbance or treatment; county random effect set to zero,pointwise Wald 95% confidence interval,curve restricted to the observed minimum through the observed 99th percentile of the cohort-specific sugar-maple exposure
2.8082933891415363,2.8082933891415363,1.3371811594291096,-0.8693083922846129,FALSE,3,TRUE,Full-cohort baseline,frame-corrected basal area of all live sugar-maple TREE records at least 1 inch DBH,0.565225031756434,0.45850966277185945,0.666219269107255,probability of no sugar-maple seedlings tallied,continuous adjusters at their means; no recorded disturbance or treatment; county random effect set to zero,pointwise Wald 95% confidence interval,curve restricted to the observed minimum through the observed 99th percentile of the cohort-specific sugar-maple exposure
2.9314912470468997,2.9314912470468997,1.3690188060821835,-0.8509161402450456,FALSE,3,TRUE,Full-cohort baseline,frame-corrected basal area of all live sugar-maple TREE records at least 1 inch DBH,0.5587895644013459,0.4516043583815134,0.660762168813211,probability of no sugar-maple seedlings tallied,continuous adjusters at their means; no recorded disturbance or treatment; county random effect set to zero,pointwise Wald 95% confidence interval,curve restricted to the observed minimum through the observed 99th percentile of the cohort-specific sugar-maple exposure
3.0586745416404524,3.0586745416404524,1.4008564527352576,-0.8325238882054781,FALSE,3,TRUE,Full-cohort baseline,frame-corrected basal area of all live sugar-maple TREE records at least 1 inch DBH,0.5524043965872257,0.4447957283409231,0.6553186902973233,probability of no sugar-maple seedlings tallied,continuous adjusters at their means; no recorded disturbance or treatment; county random effect set to zero,pointwise Wald 95% confidence interval,curve restricted to the observed minimum through the observed 99th percentile of the cohort-specific sugar-maple exposure
3.1899722013456713,3.1899722013456713,1.4326940993883317,-0.8141316361659106,FALSE,3,TRUE,Full-cohort baseline,frame-corrected basal area of all live sugar-maple TREE records at least 1 inch DBH,0.5460738226191303,0.4380896745229672,0.6498904794281993,probability of no sugar-maple seedlings tallied,continuous adjusters at their means; no recorded disturbance or treatment; county random effect set to zero,pointwise Wald 95% confidence interval,curve restricted to the observed minimum through the observed 99th percentile of the cohort-specific sugar-maple exposure
3.3255173254058654,3.3255173254058654,1.4645317460414056,-0.7957393841263432,FALSE,3,TRUE,Full-cohort baseline,frame-corrected basal area of all live sugar-maple TREE records at least 1 inch DBH,0.5398020325972299,0.431491784957421,0.6444791793318398,probability of no sugar-maple seedlings tallied,continuous adjusters at their means; no recorded disturbance or treatment; county random effect set to zero,pointwise Wald 95% confidence interval,curve restricted to the observed minimum through the observed 99th percentile of the cohort-specific sugar-maple exposure
3.465447318809727,3.465447318809727,1.4963693926944797,-0.7773471320867757,FALSE,3,TRUE,Full-cohort baseline,frame-corrected basal area of all live sugar-maple TREE records at least 1 inch DBH,0.5335931058674498,0.42500732560452653,0.6390864343615658,probability of no sugar-maple seedlings tallied,continuous adjusters at their means; no recorded disturbance or treatment; county random effect set to zero,pointwise Wald 95% confidence interval,curve restricted to the observed minimum through the observed 99th percentile of the cohort-specific sugar-maple exposure
3.6099040315816966,3.6099040315816966,1.5282070393475538,-0.7589548800472082,FALSE,3,TRUE,Full-cohort baseline,frame-corrected basal area of all live sugar-maple TREE records at least 1 inch DBH,0.5274510051726791,0.4186412347169602,0.6337138938223562,probability of no sugar-maple seedlings tallied,continuous adjusters at their means; no recorded disturbance or treatment; county random effect set to zero,pointwise Wald 95% confidence interval,curve restricted to the observed minimum through the observed 99th percentile of the cohort-specific sugar-maple exposure
3.759033902578372,3.759033902578372,1.5600446860006278,-0.7405626280076407,FALSE,3,TRUE,Full-cohort baseline,frame-corrected basal area of all live sugar-maple TREE records at least 1 inch DBH,0.5213795715185437,0.412398119656028,0.628363215480736,probability of no sugar-maple seedlings tallied,continuous adjusters at their means; no recorded disturbance or treatment; county random effect set to zero,pointwise Wald 95% confidence interval,curve restricted to the observed minimum through the observed 99th percentile of the cohort-specific sugar-maple exposure
3.912988107936701,3.912988107936701,1.591882332653702,-0.7221703759680732,FALSE,3,TRUE,Full-cohort baseline,frame-corrected basal area of all live sugar-maple TREE records at least 1 inch DBH,0.5153825197621492,0.40628225600767826,0.6230360688960289,probability of no sugar-maple seedlings tallied,continuous adjusters at their means; no recorded disturbance or treatment; county random effect set to zero,pointwise Wald 95% confidence interval,curve restricted to the observed minimum through the observed 99th percentile of the cohort-specific sugar-maple exposure
4.0719227143244625,4.0719227143244625,1.6237199793067758,-0.7037781239285059,FALSE,3,TRUE,Full-cohort baseline,frame-corrected basal area of all live sugar-maple TREE records at least 1 inch DBH,0.5094634349267936,0.40029758882733113,0.6177341386126913,probability of no sugar-maple seedlings tallied,continuous adjusters at their means; no recorded disturbance or treatment; county random effect set to zero,pointwise Wald 95% confidence interval,curve restricted to the observed minimum through the observed 99th percentile of the cohort-specific sugar-maple exposure
4.235998837148389,4.235998837148389,1.65555762595985,-0.6853858718889384,FALSE,3,TRUE,Full-cohort baseline,frame-corrected basal area of all live sugar-maple TREE records at least 1 inch DBH,0.503625769240468,0.3944477358293623,0.6124591272567222,probability of no sugar-maple seedlings tallied,continuous adjusters at their means; no recorded disturbance or treatment; county random effect set to zero,pointwise Wald 95% confidence interval,curve restricted to the observed minimum through the observed 99th percentile of the cohort-specific sugar-maple exposure
4.405382803880288,4.405382803880288,1.687395272612924,-0.6669936198493709,FALSE,3,TRUE,Full-cohort baseline,frame-corrected basal area of all live sugar-maple TREE records at least 1 inch DBH,0.49787283989105435,0.3887359923271202,0.6072127585819648,probability of no sugar-maple seedlings tallied,continuous adjusters at their means; no recorded disturbance or treatment; county random effect set to zero,pointwise Wald 95% confidence interval,curve restricted to the observed minimum through the observed 99th percentile of the cohort-specific sugar-maple exposure
4.580246322666758,4.580246322666758,1.7192329192659979,-0.6486013678098035,FALSE,3,TRUE,Full-cohort baseline,frame-corrected basal area of all live sugar-maple TREE records at least 1 inch DBH,0.49220782748654357,0.3831653377223189,0.6019967805146383,probability of no sugar-maple seedlings tallied,continuous adjusters at their means; no recorded disturbance or treatment; county random effect set to zero,pointwise Wald 95% confidence interval,curve restricted to the observed minimum through the observed 99th percentile of the cohort-specific sugar-maple exposure
4.760766656393409,4.760766656393409,1.751070565919072,-0.630209115770236,FALSE,3,TRUE,Full-cohort baseline,frame-corrected basal area of all live sugar-maple TREE records at least 1 inch DBH,0.48663377520435885,0.3777384433382204,0.5968129682467752,probability of no sugar-maple seedlings tallied,continuous adjusters at their means; no recorded disturbance or treatment; county random effect set to zero,pointwise Wald 95% confidence interval,curve restricted to the observed minimum through the observed 99th percentile of the cohort-specific sugar-maple exposure
4.947126802380034,4.947126802380034,1.782908212572146,-0.6118168637306686,FALSE,3,TRUE,Full-cohort baseline,frame-corrected basal area of all live sugar-maple TREE records at least 1 inch DBH,0.4811535886100192,0.37245768138886604,0.5916631274315464,probability of no sugar-maple seedlings tallied,continuous adjusters at their means; no recorded disturbance or treatment; county random effect set to zero,pointwise Wald 95% confidence interval,curve restricted to the observed minimum through the observed 99th percentile of the cohort-specific sugar-maple exposure
5.1395156778889035,5.1395156778889035,1.8147458592252201,-0.5934246116911011,FALSE,3,TRUE,Full-cohort baseline,frame-corrected basal area of all live sugar-maple TREE records at least 1 inch DBH,0.47577003612191765,0.3673251348763985,0.5865490975358293,probability of no sugar-maple seedlings tallied,continuous adjusters at their means; no recorded disturbance or treatment; county random effect set to zero,pointwise Wald 95% confidence interval,curve restricted to the observed minimum through the observed 99th percentile of the cohort-specific sugar-maple exposure
5.33812831163423,5.33812831163423,1.8465835058782942,-0.5750323596515335,FALSE,3,TRUE,Full-cohort baseline,frame-corrected basal area of all live sugar-maple TREE records at least 1 inch DBH,0.47048575009595395,0.36234260820986913,0.5814727554079439,probability of no sugar-maple seedlings tallied,continuous adjusters at their means; no recorded disturbance or treatment; county random effect set to zero,pointwise Wald 95% confidence interval,curve restricted to the observed minimum through the observed 99th percentile of the cohort-specific sugar-maple exposure
5.543166041486942,5.543166041486942,1.878421152531368,-0.5566401076119661,FALSE,3,TRUE,Full-cohort baseline,frame-corrected basal area of all live sugar-maple TREE records at least 1 inch DBH,0.4653032285011377,0.35751163834150756,0.5764360191213147,probability of no sugar-maple seedlings tallied,continuous adjusters at their means; no recorded disturbance or treatment; county random effect set to zero,pointwise Wald 95% confidence interval,curve restricted to the observed minimum through the observed 99th percentile of the cohort-specific sugar-maple exposure
5.754836718575198,5.754836718575198,1.9102587991844422,-0.5382478555723987,FALSE,3,TRUE,Full-cohort baseline,frame-corrected basal area of all live sugar-maple TREE records at least 1 inch DBH,0.4602248371550833,0.3528335062198855,0.5714408521580511,probability of no sugar-maple seedlings tallied,continuous adjusters at their means; no recorded disturbance or treatment; county random effect set to zero,pointwise Wald 95% confidence interval,curve restricted to the observed minimum through the observed 99th percentile of the cohort-specific sugar-maple exposure
5.9733549179874945,5.9733549179874945,1.9420964458375163,-0.5198556035328312,FALSE,3,TRUE,Full-cohort baseline,frame-corrected basal area of all live sugar-maple TREE records at least 1 inch DBH,0.4552528124865391,0.3483092483634116,0.5664892680001119,probability of no sugar-maple seedlings tallied,continuous adjusters at their means; no recorded disturbance or treatment; county random effect set to zero,pointwise Wald 95% confidence interval,curve restricted to the observed minimum through the observed 99th percentile of the cohort-specific sugar-maple exposure
6.198942156292039,6.198942156292039,1.9739340924905902,-0.5014633514932638,FALSE,3,TRUE,Full-cohort baseline,frame-corrected basal area of all live sugar-maple TREE records at least 1 inch DBH,0.45038926479070984,0.3439396683618011,0.5615833351999412,probability of no sugar-maple seedlings tallied,continuous adjusters at their means; no recorded disturbance or treatment; county random effect set to zero,pointwise Wald 95% confidence interval,curve restricted to the observed minimum through the observed 99th percentile of the cohort-specific sugar-maple exposure
6.431827116092819,6.431827116092819,2.0057717391436642,-0.48307109945369636,FALSE,3,TRUE,Full-cohort baseline,frame-corrected basal area of all live sugar-maple TREE records at least 1 inch DBH,0.4456361819421524,0.3397253481173078,0.5567251830072765,probability of no sugar-maple seedlings tallied,continuous adjusters at their means; no recorded disturbance or treatment; county random effect set to zero,pointwise Wald 95% confidence interval,curve restricted to the observed minimum through the observed 99th percentile of the cohort-specific sugar-maple exposure
6.672245877850044,6.672245877850044,2.0376093857967383,-0.46467884741412885,FALSE,3,TRUE,Full-cohort baseline,frame-corrected basal area of all live sugar-maple TREE records at least 1 inch DBH,0.44099543352940845,0.3356666586412804,0.5519170076343209,probability of no sugar-maple seedlings tallied,continuous adjusters at their means; no recorded disturbance or treatment; county random effect set to zero,pointwise Wald 95% confidence interval,curve restricted to the observed minimum through the observed 99th percentile of the cohort-specific sugar-maple exposure
6.920442159199958,6.920442159199958,2.0694470324498124,-0.4462865953745614,FALSE,3,TRUE,Full-cohort baseline,frame-corrected basal area of all live sugar-maple TREE records at least 1 inch DBH,0.4364687753752672,0.3317637702247831,0.5471610792476477,probability of no sugar-maple seedlings tallied,continuous adjusters at their means; no recorded disturbance or treatment; county random effect set to zero,pointwise Wald 95% confidence interval,curve restricted to the observed minimum through the observed 99th percentile of the cohort-specific sugar-maple exposure
7.176667562016608,7.176667562016608,2.1012846791028865,-0.4278943433349939,FALSE,3,TRUE,Full-cohort baseline,frame-corrected basal area of all live sugar-maple TREE records at least 1 inch DBH,0.43205785440660954,0.32801666180438,0.5424597497821235,probability of no sugar-maple seedlings tallied,continuous adjusters at their means; no recorded disturbance or treatment; county random effect set to zero,pointwise Wald 95% confidence interval,curve restricted to the observed minimum through the observed 99th percentile of the cohort-specific sugar-maple exposure
7.441181827466045,7.441181827466045,2.1331223257559606,-0.40950209129542636,FALSE,3,TRUE,Full-cohort baseline,frame-corrected basal area of all live sugar-maple TREE records at least 1 inch DBH,0.42776421383813346,0.3244251293455701,0.5378154616797829,probability of no sugar-maple seedlings tallied,continuous adjusters at their means; no recorded disturbance or treatment; county random effect set to zero,pointwise Wald 95% confidence interval,curve restricted to the observed minimum through the observed 99th percentile of the cohort-specific sugar-maple exposure
7.714253099311497,7.714253099311497,2.1649599724090347,-0.3911098392558589,FALSE,3,TRUE,Full-cohort baseline,frame-corrected basal area of all live sugar-maple TREE records at least 1 inch DBH,0.4235892986348719,0.3209887930666458,0.5332307576649363,probability of no sugar-maple seedlings tallied,continuous adjusters at their means; no recorded disturbance or treatment; county random effect set to zero,pointwise Wald 95% confidence interval,curve restricted to the observed minimum through the observed 99th percentile of the cohort-specific sugar-maple exposure
7.996158195736421,7.996158195736421,2.1967976190621084,-0.37271758721629167,FALSE,3,TRUE,Full-cohort baseline,frame-corrected basal area of all live sugar-maple TREE records at least 1 inch DBH,0.41953446121926496,0.3177071033248941,0.5287082916757508,probability of no sugar-maple seedlings tallied,continuous adjusters at their means; no recorded disturbance or treatment; county random effect set to zero,pointwise Wald 95% confidence interval,curve restricted to the observed minimum through the observed 99th percentile of the cohort-specific sugar-maple exposure
8.287182889961029,8.287182889961029,2.2286352657151824,-0.35432533517672415,FALSE,3,TRUE,Full-cohort baseline,frame-corrected basal area of all live sugar-maple TREE records at least 1 inch DBH,0.41560096738960134,0.31457934498509893,0.5242508410819909,probability of no sugar-maple seedlings tallied,continuous adjusters at their means; no recorded disturbance or treatment; county random effect set to zero,pointwise Wald 95% confidence interval,curve restricted to the observed minimum through the observed 99th percentile of the cohort-specific sugar-maple exposure
8.587622199936689,8.587622199936689,2.2604729123682565,-0.3359330831371567,FALSE,3,TRUE,Full-cohort baseline,frame-corrected basal area of all live sugar-maple TREE records at least 1 inch DBH,0.4117900024178594,0.311604640087355,0.5198613203282814,probability of no sugar-maple seedlings tallied,continuous adjusters at their means; no recorded disturbance or treatment; county random effect set to zero,pointwise Wald 95% confidence interval,curve restricted to the observed minimum through the observed 99th percentile of the cohort-specific sugar-maple exposure
8.897780687411936,8.897780687411936,2.2923105590213306,-0.3175408310975892,FALSE,3,TRUE,Full-cohort baseline,frame-corrected basal area of all live sugar-maple TREE records at least 1 inch DBH,0.40810267729635274,0.3087819486275653,0.5155427961518313,probability of no sugar-maple seedlings tallied,continuous adjusters at their means; no recorded disturbance or treatment; county random effect set to zero,pointwise Wald 95% confidence interval,curve restricted to the observed minimum through the observed 99th percentile of the cohort-specific sugar-maple exposure
9.21797276667322,9.21797276667322,2.3241482056744047,-0.29914857905802167,FALSE,3,TRUE,Full-cohort baseline,frame-corrected basal area of all live sugar-maple TREE records at least 1 inch DBH,0.40454003510405623,0.3061100672600716,0.5112985045325121,probability of no sugar-maple seedlings tallied,continuous adjusters at their means; no recorded disturbance or treatment; county random effect set to zero,pointwise Wald 95% confidence interval,curve restricted to the observed minimum through the observed 99th percentile of the cohort-specific sugar-maple exposure
9.548523023273397,9.548523023273397,2.355985852327479,-0.2807563270184542,FALSE,3,TRUE,Full-cohort baseline,frame-corrected basal area of all live sugar-maple TREE records at least 1 inch DBH,0.40110305746504427,0.3035876257283393,0.5071318695407973,probability of no sugar-maple seedlings tallied,continuous adjusters at their means; no recorded disturbance or treatment; county random effect set to zero,pointwise Wald 95% confidence interval,curve restricted to the observed minimum through the observed 99th percentile of the cohort-specific sugar-maple exposure
9.889766543071026,9.889766543071026,2.387823498980553,-0.2623640749788867,FALSE,3,TRUE,Full-cohort baseline,frame-corrected basal area of all live sugar-maple TREE records at least 1 inch DBH,0.39779267107309313,0.3012130808274124,0.5030465242543737,probability of no sugar-maple seedlings tallied,continuous adjusters at their means; no recorded disturbance or treatment; county random effect set to zero,pointwise Wald 95% confidence interval,curve restricted to the observed minimum through the observed 99th percentile of the cohort-specific sugar-maple exposure
10.24204925191407,10.24204925191407,2.4196611456336266,-0.24397182293931946,FALSE,3,TRUE,Full-cohort baseline,frame-corrected basal area of all live sugar-maple TREE records at least 1 inch DBH,0.39460975425812955,0.29898470770225416,0.4990463339158593,probability of no sugar-maple seedlings tallied,continuous adjusters at their means; no recorded disturbance or treatment; county random effect set to zero,pointwise Wald 95% confidence interval,curve restricted to the observed minimum through the observed 99th percentile of the cohort-specific sugar-maple exposure
10.605728266312333,10.605728266312333,2.4514987922867006,-0.22557957089975197,FALSE,3,TRUE,Full-cohort baseline,frame-corrected basal area of all live sugar-maple TREE records at least 1 inch DBH,0.3915551435718633,0.2969005882908487,0.4951354215002677,probability of no sugar-maple seedlings tallied,continuous adjusters at their means; no recorded disturbance or treatment; county random effect set to zero,pointwise Wald 95% confidence interval,curve restricted to the observed minimum through the observed 99th percentile of the cohort-specific sugar-maple exposure
10.981172255454075,10.981172255454075,2.4833364389397747,-0.2071873188601845,FALSE,3,TRUE,Full-cohort baseline,frame-corrected basal area of all live sugar-maple TREE records at least 1 inch DBH,0.3886296403715545,0.2949585967323176,0.49131819584927733,probability of no sugar-maple seedlings tallied,continuous adjusters at their means; no recorded disturbance or treatment; county random effect set to zero,pointwise Wald 95% confidence interval,curve restricted to the observed minimum through the observed 99th percentile of the cohort-specific sugar-maple exposure
11.368761814933853,11.368761814933853,2.515174085592849,-0.188795066820617,FALSE,3,TRUE,Full-cohort baseline,frame-corrected basal area of all live sugar-maple TREE records at least 1 inch DBH,0.38583401738245154,0.2931563815812933,0.4875993825070218,probability of no sugar-maple seedlings tallied,continuous adjusters at their means; no recorded disturbance or treatment; county random effect set to zero,pointwise Wald 95% confidence interval,curve restricted to the observed minimum through the observed 99th percentile of the cohort-specific sugar-maple exposure
11.768889852570421,11.768889852570421,2.547011732245923,-0.17040281478104952,FALSE,3,TRUE,Full-cohort baseline,frame-corrected basal area of all live sugar-maple TREE records at least 1 inch DBH,0.3831688370849792,0.29149108476414237,0.48398397409928123,probability of no sugar-maple seedlings tallied,continuous adjusters at their means; no recorded disturbance or treatment; county random effect set to zero,pointwise Wald 95% confidence interval,curve restricted to the observed minimum through the observed 99th percentile of the cohort-specific sugar-maple exposure
12.181961986705767,12.181961986705767,2.578849378898997,-0.152010562741482,FALSE,3,TRUE,Full-cohort baseline,frame-corrected basal area of all live sugar-maple TREE records at least 1 inch DBH,0.38063191430219956,0.2899558701589105,0.4804760590080252,probability of no sugar-maple seedlings tallied,continuous adjusters at their means; no recorded disturbance or treatment; county random effect set to zero,pointwise Wald 95% confidence interval,curve restricted to the observed minimum through the observed 99th percentile of the cohort-specific sugar-maple exposure
12.608396957389097,12.608396957389097,2.610687025552071,-0.13361831070191452,FALSE,3,TRUE,Full-cohort baseline,frame-corrected basal area of all live sugar-maple TREE records at least 1 inch DBH,0.3782190210350814,0.2885411162469474,0.4770788561460213,probability of no sugar-maple seedlings tallied,continuous adjusters at their means; no recorded disturbance or treatment; county random effect set to zero,pointwise Wald 95% confidence interval,curve restricted to the observed minimum through the observed 99th percentile of the cohort-specific sugar-maple exposure
13.048627050862576,13.048627050862576,2.642524672205145,-0.11522605866234703,FALSE,3,TRUE,Full-cohort baseline,frame-corrected basal area of all live sugar-maple TREE records at least 1 inch DBH,0.37592592141958997,0.28723731877897496,0.47379548410334404,probability of no sugar-maple seedlings tallied,continuous adjusters at their means; no recorded disturbance or treatment; county random effect set to zero,pointwise Wald 95% confidence interval,curve restricted to the observed minimum through the observed 99th percentile of the cohort-specific sugar-maple exposure
13.503098537779127,13.503098537779127,2.6743623188582193,-0.09683380662277953,FALSE,3,TRUE,Full-cohort baseline,frame-corrected basal area of all live sugar-maple TREE records at least 1 inch DBH,0.3737484246088682,0.28603518161591196,0.4706289416829307,probability of no sugar-maple seedlings tallied,continuous adjusters at their means; no recorded disturbance or treatment; county random effect set to zero,pointwise Wald 95% confidence interval,curve restricted to the observed minimum through the observed 99th percentile of the cohort-specific sugar-maple exposure
13.972272125596518,13.972272125596518,2.706199965511293,-0.07844155458321231,FALSE,3,TRUE,Full-cohort baseline,frame-corrected basal area of all live sugar-maple TREE records at least 1 inch DBH,0.3716823857304922,0.2849256382047129,0.46758206491571924,probability of no sugar-maple seedlings tallied,continuous adjusters at their means; no recorded disturbance or treatment; county random effect set to zero,pointwise Wald 95% confidence interval,curve restricted to the observed minimum through the observed 99th percentile of the cohort-specific sugar-maple exposure
14.456623425606386,14.456623425606386,2.738037612164367,-0.06004930254364481,FALSE,3,TRUE,Full-cohort baseline,frame-corrected basal area of all live sugar-maple TREE records at least 1 inch DBH,0.36972370632611545,0.28389987578684955,0.464657482148662,probability of no sugar-maple seedlings tallied,continuous adjusters at their means; no recorded disturbance or treatment; county random effect set to zero,pointwise Wald 95% confidence interval,curve restricted to the observed minimum through the observed 99th percentile of the cohort-specific sugar-maple exposure
14.956643435071527,14.956643435071527,2.769875258817441,-0.041657050504077316,FALSE,3,TRUE,Full-cohort baseline,frame-corrected basal area of all live sugar-maple TREE records at least 1 inch DBH,0.36786833433907246,0.2829493623770854,0.46185756735702665,probability of no sugar-maple seedlings tallied,continuous adjusters at their means; no recorded disturbance or treatment; county random effect set to zero,pointwise Wald 95% confidence interval,curve restricted to the observed minimum through the observed 99th percentile of the cohort-specific sugar-maple exposure
15.472839034960337,15.472839034960337,2.801712905470515,-0.023264798464509826,FALSE,3,TRUE,Full-cohort baseline,frame-corrected basal area of all live sugar-maple TREE records at least 1 inch DBH,0.36611226371028305,0.2820658763514194,0.4591843920000117,probability of no sugar-maple seedlings tallied,continuous adjusters at their means; no recorded disturbance or treatment; county random effect set to zero,pointwise Wald 95% confidence interval,curve restricted to the observed minimum through the observed 99th percentile of the cohort-specific sugar-maple exposure
16.00573350378288,16.00573350378288,2.8335505521235893,-0.004872546424942336,FALSE,3,TRUE,Full-cohort baseline,frame-corrected basal area of all live sugar-maple TREE records at least 1 inch DBH,0.36445153363784527,0.2812415382751863,0.4566396759190164,probability of no sugar-maple seedlings tallied,continuous adjusters at their means; no recorded disturbance or treatment; county random effect set to zero,pointwise Wald 95% confidence interval,curve restricted to the observed minimum through the observed 99th percentile of the cohort-specific sugar-maple exposure
16.555867048049492,16.555867048049492,2.8653881987766634,0.013519705614625156,FALSE,3,TRUE,Full-cohort baseline,frame-corrected basal area of all live sugar-maple TREE records at least 1 inch DBH,0.36288222755103544,0.280468844391877,0.45422473796386387,probability of no sugar-maple seedlings tallied,continuous adjusters at their means; no recorded disturbance or treatment; county random effect set to zero,pointwise Wald 95% confidence interval,curve restricted to the observed minimum through the observed 99th percentile of the cohort-specific sugar-maple exposure
17.12379734988966,17.12379734988966,2.8972258454297375,0.03191195765419265,FALSE,3,TRUE,Full-cohort baseline,frame-corrected basal area of all live sugar-maple TREE records at least 1 inch DBH,0.36140047184505203,0.27974070098955306,0.45194044721413823,probability of no sugar-maple seedlings tallied,continuous adjusters at their means; no recorded disturbance or treatment; county random effect set to zero,pointwise Wald 95% confidence interval,curve restricted to the observed minimum through the observed 99th percentile of the cohort-specific sugar-maple exposure
17.710100132386312,17.710100132386312,2.929063492082811,0.050304209693759885,FALSE,3,TRUE,Full-cohort baseline,frame-corrected basal area of all live sugar-maple TREE records at least 1 inch DBH,0.36000243441874563,0.27905045867643186,0.44978717582854877,probability of no sugar-maple seedlings tallied,continuous adjusters at their means; no recorded disturbance or treatment; county random effect set to zero,pointwise Wald 95% confidence interval,curve restricted to the observed minimum through the observed 99th percentile of the cohort-specific sugar-maple exposure
18.315369743198644,18.315369743198644,2.9609011387358852,0.06869646173332737,FALSE,3,TRUE,Full-cohort baseline,frame-corrected basal area of all live sugar-maple TREE records at least 1 inch DBH,0.35868432305375947,0.27839194544356793,0.44776475469128857,probability of no sugar-maple seedlings tallied,continuous adjusters at their means; no recorded disturbance or treatment; county random effect set to zero,pointwise Wald 95% confidence interval,curve restricted to the observed minimum through the observed 99th percentile of the cohort-specific sugar-maple exposure
18.940219757064977,18.940219757064977,2.9927387853889593,0.08708871377289487,FALSE,3,TRUE,Full-cohort baseline,frame-corrected basal area of all live sugar-maple TREE records at least 1 inch DBH,0.3574423836699653,0.27775949728424587,0.4458724331167779,probability of no sugar-maple seedlings tallied,continuous adjusters at their means; no recorded disturbance or treatment; county random effect set to zero,pointwise Wald 95% confidence interval,curve restricted to the observed minimum through the observed 99th percentile of the cohort-specific sugar-maple exposure
19.58528359779664,19.58528359779664,3.0245764320420334,0.10548096581246236,FALSE,3,TRUE,Full-cohort baseline,frame-corrected basal area of all live sugar-maple TREE records at least 1 inch DBH,0.356272898488794,0.2771479850893185,0.4441088439101636,probability of no sugar-maple seedlings tallied,continuous adjusters at their means; no recorded disturbance or treatment; county random effect set to zero,pointwise Wald 95% confidence interval,curve restricted to the observed minimum through the observed 99th percentile of the cohort-specific sugar-maple exposure
20.25121518039318,20.25121518039318,3.0564140786951075,0.12387321785202984,FALSE,3,TRUE,Full-cohort baseline,frame-corrected basal area of all live sugar-maple TREE records at least 1 inch DBH,0.35517218413302926,0.2765528365550399,0.4424719750505785,probability of no sugar-maple seedlings tallied,continuous adjusters at their means; no recorded disturbance or treatment; county random effect set to zero,pointwise Wald 95% confidence interval,curve restricted to the observed minimum through the observed 99th percentile of the cohort-specific sugar-maple exposure
20.938689573930013,20.938689573930013,3.0882517253481816,0.14226546989159733,FALSE,3,TRUE,Full-cohort baseline,frame-corrected basal area of all live sugar-maple TREE records at least 1 inch DBH,0.35413658968883793,0.27597005193022023,0.4409591491620848,probability of no sugar-maple seedlings tallied,continuous adjusters at their means; no recorded disturbance or treatment; county random effect set to zero,pointwise Wald 95% confidence interval,curve restricted to the observed minimum through the observed 99th percentile of the cohort-specific sugar-maple exposure
21.64840368589033,21.64840368589033,3.1200893720012557,0.16065772193116484,FALSE,3,TRUE,Full-cohort baseline,frame-corrected basal area of all live sugar-maple TREE records at least 1 inch DBH,0.3531624947532368,0.27539621259213937,0.4395670117639697,probability of no sugar-maple seedlings tallied,continuous adjusters at their means; no recorded disturbance or treatment; county random effect set to zero,pointwise Wald 95% confidence interval,curve restricted to the observed minimum through the observed 99th percentile of the cohort-specific sugar-maple exposure
22.381076968635128,22.381076968635128,3.15192701865433,0.17904997397073233,FALSE,3,TRUE,Full-cohort baseline,frame-corrected basal area of all live sugar-maple TREE records at least 1 inch DBH,0.35224630748784047,0.2748284816684031,0.43829152905485674,probability of no sugar-maple seedlings tallied,continuous adjusters at their means; no recorded disturbance or treatment; county random effect set to zero,pointwise Wald 95% confidence interval,curve restricted to the observed minimum through the observed 99th percentile of the cohort-specific sugar-maple exposure
23.13745214872744,23.13745214872744,3.183764665307404,0.19744222601029982,FALSE,3,TRUE,Full-cohort baseline,frame-corrected basal area of all live sugar-maple TREE records at least 1 inch DBH,0.3513844626975645,0.2742645962010142,0.4371279956976639,probability of no sugar-maple seedlings tallied,continuous adjusters at their means; no recorded disturbance or treatment; county random effect set to zero,pointwise Wald 95% confidence interval,curve restricted to the observed minimum through the observed 99th percentile of the cohort-specific sugar-maple exposure
23.91829597985011,23.91829597985011,3.2156023119604775,0.21583447804986705,FALSE,3,TRUE,Full-cohort baseline,frame-corrected basal area of all live sugar-maple TREE records at least 1 inch DBH,0.3505734199509899,0.2737028506601376,0.4360710527541225,probability of no sugar-maple seedlings tallied,continuous adjusters at their means; no recorded disturbance or treatment; county random effect set to zero,pointwise Wald 95% confidence interval,curve restricted to the observed minimum through the observed 99th percentile of the cohort-specific sugar-maple exposure
24.724400020080427,24.724400020080427,3.2474399586135516,0.23422673008943454,FALSE,3,TRUE,Full-cohort baseline,frame-corrected basal area of all live sugar-maple TREE records at least 1 inch DBH,0.34980966175727796,0.27314207193535733,0.43511471559134957,probability of no sugar-maple seedlings tallied,continuous adjusters at their means; no recorded disturbance or treatment; county random effect set to zero,pointwise Wald 95% confidence interval,curve restricted to the observed minimum through the observed 99th percentile of the cohort-specific sugar-maple exposure
25.55658143430939,25.55658143430939,3.2792776052666257,0.252618982129002,FALSE,3,TRUE,Full-cohort baseline,frame-corrected basal area of all live sugar-maple TREE records at least 1 inch DBH,0.3490896918128953,0.2725815862375138,0.43425241127312747,probability of no sugar-maple seedlings tallied,continuous adjusters at their means; no recorded disturbance or treatment; county random effect set to zero,pointwise Wald 95% confidence interval,curve restricted to the observed minimum through the observed 99th percentile of the cohort-specific sugar-maple exposure
26.415683822619286,26.415683822619286,3.3111152519197,0.27101123416856954,FALSE,3,TRUE,Full-cohort baseline,frame-corrected basal area of all live sugar-maple TREE records at least 1 inch DBH,0.34841003332990683,0.27202117861164155,0.4334770246779296,probability of no sugar-maple seedlings tallied,continuous adjusters at their means; no recorded disturbance or treatment; county random effect set to zero,pointwise Wald 95% confidence interval,curve restricted to the observed minimum through the observed 99th percentile of the cohort-specific sugar-maple exposure
27.302578075459092,27.302578075459092,3.342952898572774,0.289403486208137,FALSE,3,TRUE,Full-cohort baseline,frame-corrected basal area of all live sugar-maple TREE records at least 1 inch DBH,0.3477672274562422,0.27146104597220716,0.43278095237336883,probability of no sugar-maple seedlings tallied,continuous adjusters at their means; no recorded disturbance or treatment; county random effect set to zero,pointwise Wald 95% confidence interval,curve restricted to the observed minimum through the observed 99th percentile of the cohort-specific sugar-maple exposure
28.21816325648473,28.21816325648473,3.374790545225848,0.3077957382477045,FALSE,3,TRUE,Full-cohort baseline,frame-corrected basal area of all live sugar-maple TREE records at least 1 inch DBH,0.3471578317971302,0.27090174471255873,0.43215616313593735,probability of no sugar-maple seedlings tallied,continuous adjusters at their means; no recorded disturbance or treatment; county random effect set to zero,pointwise Wald 95% confidence interval,curve restricted to the observed minimum through the observed 99th percentile of the cohort-specific sugar-maple exposure
29.163367513959116,29.163367513959116,3.406628191878922,0.326187990287272,FALSE,3,TRUE,Full-cohort baseline,frame-corrected basal area of all live sugar-maple TREE records at least 1 inch DBH,0.34657841904578857,0.27034413400473967,0.431594263942208,probability of no sugar-maple seedlings tallied,continuous adjusters at their means; no recorded disturbance or treatment; county random effect set to zero,pointwise Wald 95% confidence interval,curve restricted to the observed minimum through the observed 99th percentile of the cohort-specific sugar-maple exposure
30.139149021635873,30.139149021635873,3.4384658385319957,0.34458024232683926,FALSE,3,TRUE,Full-cohort baseline,frame-corrected basal area of all live sugar-maple TREE records at least 1 inch DBH,0.3460255757304821,0.2697893158939176,0.4310865702728643,probability of no sugar-maple seedlings tallied,continuous adjusters at their means; no recorded disturbance or treatment; county random effect set to zero,pointwise Wald 95% confidence interval,curve restricted to the observed minimum through the observed 99th percentile of the cohort-specific sugar-maple exposure
31.1464969500806,31.1464969500806,3.47030348518507,0.3629724943664067,FALSE,3,TRUE,Full-cohort baseline,frame-corrected basal area of all live sugar-maple TREE records at least 1 inch DBH,0.3454959010841883,0.26923857320994515,0.4306241796577579,probability of no sugar-maple seedlings tallied,continuous adjusters at their means; no recorded disturbance or treatment; county random effect set to zero,pointwise Wald 95% confidence interval,curve restricted to the observed minimum through the observed 99th percentile of the cohort-specific sugar-maple exposure
32.1864324694141,32.1864324694141,3.502141131838144,0.38136474640597423,FALSE,3,TRUE,Full-cohort baseline,frame-corrected basal area of all live sugar-maple TREE records at least 1 inch DBH,0.3449860060423407,0.2686933061779062,0.43019804753778607,probability of no sugar-maple seedlings tallied,continuous adjusters at their means; no recorded disturbance or treatment; county random effect set to zero,pointwise Wald 95% confidence interval,curve restricted to the observed minimum through the observed 99th percentile of the cohort-specific sugar-maple exposure
33.260009784494464,33.260009784494464,3.533978778491218,0.3997569984455417,FALSE,3,TRUE,Full-cohort baseline,frame-corrected basal area of all live sugar-maple TREE records at least 1 inch DBH,0.34449251237344986,0.2681549684236942,0.4297990647140156,probability of no sugar-maple seedlings tallied,continuous adjusters at their means; no recorded disturbance or treatment; county random effect set to zero,pointwise Wald 95% confidence interval,curve restricted to the observed minimum through the observed 99th percentile of the cohort-specific sugar-maple exposure
34.368317203586976,34.368317203586976,3.565816425144292,0.4181492504851092,FALSE,3,TRUE,Full-cohort baseline,frame-corrected basal area of all live sugar-maple TREE records at least 1 inch DBH,0.34401205194682494,0.2676250028545387,0.42941813588128847,probability of no sugar-maple seedlings tallied,continuous adjusters at their means; no recorded disturbance or treatment; county random effect set to zero,pointwise Wald 95% confidence interval,curve restricted to the observed minimum through the observed 99th percentile of the cohort-specific sugar-maple exposure
35.51247824160553,35.51247824160553,3.597654071797366,0.4365415025246767,FALSE,3,TRUE,Full-cohort baseline,frame-corrected basal area of all live sugar-maple TREE records at least 1 inch DBH,0.3435412661411274,0.2671047776623607,0.42904625898811766,probability of no sugar-maple seedlings tallied,continuous adjusters at their means; no recorded disturbance or treatment; county random effect set to zero,pointwise Wald 95% confidence interval,curve restricted to the observed minimum through the observed 99th percentile of the cohort-specific sugar-maple exposure
36.693652759043644,36.693652759043644,3.6294917184504403,0.4549337545642442,FALSE,3,TRUE,Full-cohort baseline,frame-corrected basal area of all live sugar-maple TREE records at least 1 inch DBH,0.34307680539708935,0.26659552246270496,0.4286746054141265,probability of no sugar-maple seedlings tallied,continuous adjusters at their means; no recorded disturbance or treatment; county random effect set to zero,pointwise Wald 95% confidence interval,curve restricted to the observed minimum through the observed 99th percentile of the cohort-specific sugar-maple exposure
37.91303813774988,37.91303813774988,3.6613293651035144,0.4733260066038117,FALSE,3,TRUE,Full-cohort baseline,frame-corrected basal area of all live sugar-maple TREE records at least 1 inch DBH,0.3426153289174047,0.2660982643544396,0.4282946011998528,probability of no sugar-maple seedlings tallied,continuous adjusters at their means; no recorded disturbance or treatment; county random effect set to zero,pointwise Wald 95% confidence interval,curve restricted to the observed minimum through the observed 99th percentile of the cohort-specific sugar-maple exposure
39.171870494739366,39.171870494739366,3.6931670117565885,0.49171825864337915,FALSE,3,TRUE,Full-cohort baseline,frame-corrected basal area of all live sugar-maple TREE records at least 1 inch DBH,0.34215350451656024,0.265613763473732,0.4278980097929518,probability of no sugar-maple seedlings tallied,continuous adjusters at their means; no recorded disturbance or treatment; county random effect set to zero,pointwise Wald 95% confidence interval,curve restricted to the observed minimum through the observed 99th percentile of the cohort-specific sugar-maple exposure
40.47142593527205,40.47142593527205,3.725004658409662,0.5101105106829464,FALSE,3,TRUE,Full-cohort baseline,frame-corrected basal area of all live sugar-maple TREE records at least 1 inch DBH,0.34168800862321297,0.2651424474264282,0.42747701698314217,probability of no sugar-maple seedlings tallied,continuous adjusters at their means; no recorded disturbance or treatment; county random effect set to zero,pointwise Wald 95% confidence interval,curve restricted to the observed minimum through the observed 99th percentile of the cohort-specific sugar-maple exposure
41.813021846467905,41.813021846467905,3.756842305062736,0.5285027627225138,FALSE,3,TRUE,Full-cohort baseline,frame-corrected basal area of all live sugar-maple TREE records at least 1 inch DBH,0.34121552643762265,0.2646843438209498,0.4270243188802732,probability of no sugar-maple seedlings tallied,continuous adjusters at their means; no recorded disturbance or treatment; county random effect set to zero,pointwise Wald 95% confidence interval,curve restricted to the observed minimum through the observed 99th percentile of the cohort-specific sugar-maple exposure
43.19801823277032,43.19801823277032,3.7886799517158103,0.5468950147620814,FALSE,3,TRUE,Full-cohort baseline,frame-corrected basal area of all live sugar-maple TREE records at least 1 inch DBH,0.34073275224663885,0.2642390099940963,0.4265332139404981,probability of no sugar-maple seedlings tallied,continuous adjusters at their means; no recorded disturbance or treatment; county random effect set to zero,pointwise Wald 95% confidence interval,curve restricted to the observed minimum through the observed 99th percentile of the cohort-specific sugar-maple exposure
44.62781909461174,44.62781909461174,3.8205175983688844,0.5652872668016489,FALSE,3,TRUE,Full-cohort baseline,frame-corrected basal area of all live sugar-maple TREE records at least 1 inch DBH,0.34023638989878807,0.2638054589305684,0.4259977001584607,probability of no sugar-maple seedlings tallied,continuous adjusters at their means; no recorded disturbance or treatment; county random effect set to zero,pointwise Wald 95% confidence interval,curve restricted to the observed minimum through the observed 99th percentile of the cohort-specific sugar-maple exposure
46.10387385167886,46.10387385167886,3.8523552450219585,0.5836795188412164,FALSE,3,TRUE,Full-cohort baseline,frame-corrected basal area of all live sugar-maple TREE records at least 1 inch DBH,0.33972315344212806,0.2633820803320031,0.4254125786098296,probability of no sugar-maple seedlings tallied,continuous adjusters at their means; no recorded disturbance or treatment; county random effect set to zero,pointwise Wald 95% confidence interval,curve restricted to the observed minimum through the observed 99th percentile of the cohort-specific sugar-maple exposure
47.62767881222038,47.62767881222038,3.8841928916750326,0.6020717708807839,FALSE,3,TRUE,Full-cohort baseline,frame-corrected basal area of all live sugar-maple TREE records at least 1 inch DBH,0.3391897679277222,0.26296655580535055,0.42477356453543336,probability of no sugar-maple seedlings tallied,continuous adjusters at their means; no recorded disturbance or treatment; county random effect set to zero,pointwise Wald 95% confidence interval,curve restricted to the observed minimum through the observed 99th percentile of the cohort-specific sugar-maple exposure
49.200778689886604,49.200778689886604,3.9160305383281067,0.6204640229203513,FALSE,3,TRUE,Full-cohort baseline,frame-corrected basal area of all live sugar-maple TREE records at least 1 inch DBH,0.3386329703818321,0.2625557672320205,0.42407740708655134,probability of no sugar-maple seedlings tallied,continuous adjusters at their means; no recorded disturbance or treatment; county random effect set to zero,pointwise Wald 95% confidence interval,curve restricted to the observed minimum through the observed 99th percentile of the cohort-specific sugar-maple exposure
50.824768169638666,50.824768169638666,3.9478681849811803,0.6388562749599186,FALSE,3,TRUE,Full-cohort baseline,frame-corrected basal area of all live sugar-maple TREE records at least 1 inch DBH,0.338049510950234,0.26214569757480943,0.42332201867348346,probability of no sugar-maple seedlings tallied,continuous adjusters at their means; no recorded disturbance or treatment; county random effect set to zero,pointwise Wald 95% confidence interval,curve restricted to the observed minimum through the observed 99th percentile of the cohort-specific sugar-maple exposure
52.50129352431488,52.50129352431488,3.9797058316342544,0.6572485269994861,FALSE,3,TRUE,Full-cohort baseline,frame-corrected basal area of all live sugar-maple TREE records at least 1 inch DBH,0.33743615421842693,0.26173132371542934,0.4225066145393053,probability of no sugar-maple seedlings tallied,continuous adjusters at their means; no recorded disturbance or treatment; county random effect set to zero,pointwise Wald 95% confidence interval,curve restricted to the observed minimum through the observed 99th percentile of the cohort-specific sugar-maple exposure
54.23205428349251,54.23205428349251,4.0115434782873285,0.6756407790390536,FALSE,3,TRUE,Full-cohort baseline,frame-corrected basal area of all live sugar-maple TREE records at least 1 inch DBH,0.3367896807119099,0.261306501439089,0.4216318626691673,probability of no sugar-maple seedlings tallied,continuous adjusters at their means; no recorded disturbance or treatment; county random effect set to zero,pointwise Wald 95% confidence interval,curve restricted to the observed minimum through the observed 99th percentile of the cohort-specific sugar-maple exposure
56.01880495633734,56.01880495633734,4.043381124940403,0.6940330310786214,FALSE,3,TRUE,Full-cohort baseline,frame-corrected basal area of all live sugar-maple TREE records at least 1 inch DBH,0.3361071741440846,0.26086387660867166,0.4207006252560205,probability of no sugar-maple seedlings tallied,continuous adjusters at their means; no recorded disturbance or treatment; county random effect set to zero,pointwise Wald 95% confidence interval,curve restricted to the observed minimum through the observed 99th percentile of the cohort-specific sugar-maple exposure
57.86335681018701,57.86335681018701,4.075218771593477,0.7124252831181885,FALSE,3,TRUE,Full-cohort baseline,frame-corrected basal area of all live sugar-maple TREE records at least 1 inch DBH,0.33538821705958083,0.26039512356115924,0.41972245943110525,probability of no sugar-maple seedlings tallied,continuous adjusters at their means; no recorded disturbance or treatment; county random effect set to zero,pointwise Wald 95% confidence interval,curve restricted to the observed minimum through the observed 99th percentile of the cohort-specific sugar-maple exposure
59.76757970667156,59.76757970667156,4.10705641824655,0.7308175351577558,FALSE,3,TRUE,Full-cohort baseline,frame-corrected basal area of all live sugar-maple TREE records at least 1 inch DBH,0.334633675839457,0.25989105042574545,0.41871084360485405,probability of no sugar-maple seedlings tallied,continuous adjusters at their means; no recorded disturbance or treatment; county random effect set to zero,pointwise Wald 95% confidence interval,curve restricted to the observed minimum through the observed 99th percentile of the cohort-specific sugar-maple exposure
61.733403997232095,61.733403997232095,4.138894064899625,0.7492097871973236,FALSE,3,TRUE,Full-cohort baseline,frame-corrected basal area of all live sugar-maple TREE records at least 1 inch DBH,0.3338444307664456,0.25934159154354963,0.4176804241128329,probability of no sugar-maple seedlings tallied,continuous adjusters at their means; no recorded disturbance or treatment; county random effect set to zero,pointwise Wald 95% confidence interval,curve restricted to the observed minimum through the observed 99th percentile of the cohort-specific sugar-maple exposure
63.76282247995905,63.76282247995905,4.1707317115526985,0.7676020392368907,FALSE,3,TRUE,Full-cohort baseline,frame-corrected basal area of all live sugar-maple TREE records at least 1 inch DBH,0.33302136514341524,0.258735905162905,0.41664688184333265,probability of no sugar-maple seedlings tallied,continuous adjusters at their means; no recorded disturbance or treatment; county random effect set to zero,pointwise Wald 95% confidence interval,curve restricted to the observed minimum through the observed 99th percentile of the cohort-specific sugar-maple exposure
65.85789241973461,65.85789241973461,4.202569358205773,0.7859942912764585,FALSE,3,TRUE,Full-cohort baseline,frame-corrected basal area of all live sugar-maple TREE records at least 1 inch DBH,0.33216536495562643,0.25806249646694485,0.41562679595579716,probability of no sugar-maple seedlings tallied,continuous adjusters at their means; no recorded disturbance or treatment; county random effect set to zero,pointwise Wald 95% confidence interval,curve restricted to the observed minimum through the observed 99th percentile of the cohort-specific sugar-maple exposure
68.02073763372566,68.02073763372566,4.234407004858847,0.8043865433160258,FALSE,3,TRUE,Full-cohort baseline,frame-corrected basal area of all live sugar-maple TREE records at least 1 inch DBH,0.33127731853579423,0.2573093695502904,0.4146374781341404,probability of no sugar-maple seedlings tallied,continuous adjusters at their means; no recorded disturbance or treatment; county random effect set to zero,pointwise Wald 95% confidence interval,curve restricted to the observed minimum through the observed 99th percentile of the cohort-specific sugar-maple exposure
70.25355064434301,70.25355064434301,4.266244651511921,0.8227787953555935,FALSE,3,TRUE,Full-cohort baseline,frame-corrected basal area of all live sugar-maple TREE records at least 1 inch DBH,0.330358116231552,0.2564642115484721,0.4136967740135838,probability of no sugar-maple seedlings tallied,continuous adjusters at their means; no recorded disturbance or treatment; county random effect set to zero,pointwise Wald 95% confidence interval,curve restricted to the observed minimum through the observed 99th percentile of the cohort-specific sugar-maple exposure
72.55859490184784,72.55859490184784,4.298082298164995,0.8411710473951607,FALSE,3,TRUE,Full-cohort baseline,frame-corrected basal area of all live sugar-maple TREE records at least 1 inch DBH,0.3294086500749592,0.2555146100428683,0.41282283051939433,probability of no sugar-maple seedlings tallied,continuous adjusters at their means; no recorded disturbance or treatment; county random effect set to zero,pointwise Wald 95% confidence interval,curve restricted to the observed minimum through the observed 99th percentile of the cohort-specific sugar-maple exposure
74.93820707886003,74.93820707886003,4.329919944818069,0.8595632994347285,FALSE,3,TRUE,Full-cohort baseline,frame-corrected basal area of all live sugar-maple TREE records at least 1 inch DBH,0.32842981345375843,0.2544483020588663,0.41203383068166655,probability of no sugar-maple seedlings tallied,continuous adjusters at their means; no recorded disturbance or treatment; county random effect set to zero,pointwise Wald 95% confidence interval,curve restricted to the observed minimum through the observed 99th percentile of the cohort-specific sugar-maple exposure
77.39479943909264,77.39479943909264,4.361757591471143,0.8779555514742957,FALSE,3,TRUE,Full-cohort baseline,frame-corrected basal area of all live sugar-maple TREE records at least 1 inch DBH,0.3274225007841334,0.2532534495680681,0.41134770091941725,probability of no sugar-maple seedlings tallied,continuous adjusters at their means; no recorded disturbance or treatment; county random effect set to zero,pointwise Wald 95% confidence interval,curve restricted to the observed minimum through the observed 99th percentile of the cohort-specific sugar-maple exposure
79.93086228271558,79.93086228271558,4.393595238124217,0.896347803513863,FALSE,3,TRUE,Full-cohort baseline,frame-corrected basal area of all live sugar-maple TREE records at least 1 inch DBH,0.3263876071847734,0.25191893268539867,0.4107817995308773,probability of no sugar-maple seedlings tallied,continuous adjusters at their means; no recorded disturbance or treatment; county random effect set to zero,pointwise Wald 95% confidence interval,curve restricted to the observed minimum through the observed 99th percentile of the cohort-specific sugar-maple exposure
82.54896647082602,82.54896647082602,4.425432884777291,0.9147400555534307,FALSE,3,TRUE,Full-cohort baseline,frame-corrected basal area of all live sugar-maple TREE records at least 1 inch DBH,0.3253260281521016,0.2504346481758131,0.4103525987277993,probability of no sugar-maple seedlings tallied,continuous adjusters at their means; no recorded disturbance or treatment; county random effect set to zero,pointwise Wald 95% confidence interval,curve restricted to the observed minimum through the observed 99th percentile of the cohort-specific sugar-maple exposure
85.2517660315849,85.2517660315849,4.457270531430365,0.9331323075929979,FALSE,3,TRUE,Full-cohort baseline,frame-corrected basal area of all live sugar-maple TREE records at least 1 inch DBH,0.32423865923657247,0.24879179803099175,0.41007537543158773,probability of no sugar-maple seedlings tallied,continuous adjusters at their means; no recorded disturbance or treatment; county random effect set to zero,pointwise Wald 95% confidence interval,curve restricted to the observed minimum through the observed 99th percentile of the cohort-specific sugar-maple exposure
88.04200085066259,88.04200085066259,4.489108178083439,0.9515245596325657,FALSE,3,TRUE,Full-cohort baseline,frame-corrected basal area of all live sugar-maple TREE records at least 1 inch DBH,0.32312639571998714,0.24698315134126297,0.409963927610424,probability of no sugar-maple seedlings tallied,continuous adjusters at their means; no recorded disturbance or treatment; county random effect set to zero,pointwise Wald 95% confidence interval,curve restricted to the observed minimum through the observed 99th percentile of the cohort-specific sugar-maple exposure
90.92249944871885,90.92249944871885,4.520945824736513,0.969916811672133,FALSE,3,TRUE,Full-cohort baseline,frame-corrected basal area of all live sugar-maple TREE records at least 1 inch DBH,0.32199013229382895,0.2450032629465992,0.4100303327044649,probability of no sugar-maple seedlings tallied,continuous adjusters at their means; no recorded disturbance or treatment; county random effect set to zero,pointwise Wald 95% confidence interval,curve restricted to the observed minimum through the observed 99th percentile of the cohort-specific sugar-maple exposure
93.89618184873534,93.89618184873534,4.552783471389588,0.9883090637117007,FALSE,3,TRUE,Full-cohort baseline,frame-corrected basal area of all live sugar-maple TREE records at least 1 inch DBH,0.3208307627386601,0.24284863460961237,0.4102847624534646,probability of no sugar-maple seedlings tallied,continuous adjusters at their means; no recorded disturbance or treatment; county random effect set to zero,pointwise Wald 95% confidence interval,curve restricted to the observed minimum through the observed 99th percentile of the cohort-specific sugar-maple exposure
96.96606253610469,96.96606253610469,4.584621118042661,1.0067013157512679,FALSE,3,TRUE,Full-cohort baseline,frame-corrected basal area of all live sugar-maple TREE records at least 1 inch DBH,0.31964917960465916,0.24051780855456018,0.41073536436594554,probability of no sugar-maple seedlings tallied,continuous adjusters at their means; no recorded disturbance or treatment; county random effect set to zero,pointwise Wald 95% confidence interval,curve restricted to the observed minimum through the observed 99th percentile of the cohort-specific sugar-maple exposure
100.13525351447926,100.13525351447926,4.616458764695735,1.025093567790835,FALSE,3,TRUE,Full-cohort baseline,frame-corrected basal area of all live sugar-maple TREE records at least 1 inch DBH,0.3184462738934296,0.2380113886297742,0.4113882146806171,probability of no sugar-maple seedlings tallied,continuous adjusters at their means; no recorded disturbance or treatment; county random effect set to zero,pointwise Wald 95% confidence interval,curve restricted to the observed minimum through the observed 99th percentile of the cohort-specific sugar-maple exposure
103.40696746047558,103.40696746047558,4.6482964113488094,1.043485819830403,FALSE,3,TRUE,Full-cohort baseline,frame-corrected basal area of all live sugar-maple TREE records at least 1 inch DBH,0.31722293474123636,0.23533199027638435,0.4122473417688997,probability of no sugar-maple seedlings tallied,continuous adjusters at their means; no recorded disturbance or treatment; county random effect set to zero,pointwise Wald 95% confidence interval,curve restricted to the observed minimum through the observed 99th percentile of the cohort-specific sugar-maple exposure
106.78452098043299,106.78452098043299,4.680134058001883,1.06187807186997,FALSE,3,TRUE,Full-cohort baseline,frame-corrected basal area of all live sugar-maple TREE records at least 1 inch DBH,0.31598004910386984,0.23248412603484236,0.413314813400706,probability of no sugar-maple seedlings tallied,continuous adjusters at their means; no recorded disturbance or treatment; county random effect set to zero,pointwise Wald 95% confidence interval,curve restricted to the observed minimum through the observed 99th percentile of the cohort-specific sugar-maple exposure
110.27133797252893,110.27133797252893,4.711971704654958,1.080270323909538,FALSE,3,TRUE,Full-cohort baseline,frame-corrected basal area of all live sugar-maple TREE records at least 1 inch DBH,0.314718501443368,0.229474037719702,0.4145908769164564,probability of no sugar-maple seedlings tallied,continuous adjusters at their means; no recorded disturbance or treatment; county random effect set to zero,pointwise Wald 95% confidence interval,curve restricted to the observed minimum through the observed 99th percentile of the cohort-specific sugar-maple exposure
113.87095309765702,113.87095309765702,4.743809351308031,1.098662575949105,FALSE,3,TRUE,Full-cohort baseline,frame-corrected basal area of all live sugar-maple TREE records at least 1 inch DBH,0.31343917341686134,0.2263094891471667,0.4160741386115443,probability of no sugar-maple seedlings tallied,continuous adjusters at their means; no recorded disturbance or treatment; county random effect set to zero,pointwise Wald 95% confidence interval,curve restricted to the observed minimum through the observed 99th percentile of the cohort-specific sugar-maple exposure
117.58701536258909,117.58701536258909,4.775646997961106,1.117054827988673,FALSE,3,TRUE,Full-cohort baseline,frame-corrected basal area of all live sugar-maple TREE records at least 1 inch DBH,0.312142943567829,0.22299953426330993,0.41776176769050205,probability of no sugar-maple seedlings tallied,continuous adjusters at their means; no recorded disturbance or treatment; county random effect set to zero,pointwise Wald 95% confidence interval,curve restricted to the observed minimum through the observed 99th percentile of the cohort-specific sugar-maple exposure
121.4232918190505,121.4232918190505,4.8074846446141795,1.1354470800282401,FALSE,3,TRUE,Full-cohort baseline,frame-corrected basal area of all live sugar-maple TREE records at least 1 inch DBH,0.31083068702008826,0.21955427487076237,0.41964971080953856,probability of no sugar-maple seedlings tallied,continuous adjusters at their means; no recorded disturbance or treatment; county random effect set to zero,pointwise Wald 95% confidence interval,curve restricted to the observed minimum through the observed 99th percentile of the cohort-specific sugar-maple exposure
125.3836713824617,125.3836713824617,4.839322291267253,1.1538393320678073,FALSE,3,TRUE,Full-cohort baseline,frame-corrected basal area of all live sugar-maple TREE records at least 1 inch DBH,0.3095032751748585,0.21598462028856513,0.42173290509712197,probability of no sugar-maple seedlings tallied,continuous adjusters at their means; no recorded disturbance or treatment; county random effect set to zero,pointwise Wald 95% confidence interval,curve restricted to the observed minimum through the observed 99th percentile of the cohort-specific sugar-maple exposure
129.4721687742146,129.4721687742146,4.871159937920328,1.1722315841073752,FALSE,3,TRUE,Full-cohort baseline,frame-corrected basal area of all live sugar-maple TREE records at least 1 inch DBH,0.30816157541126576,0.21230205869947888,0.4240054801270371,probability of no sugar-maple seedlings tallied,continuous adjusters at their means; no recorded disturbance or treatment; county random effect set to zero,pointwise Wald 95% confidence interval,curve restricted to the observed minimum through the observed 99th percentile of the cohort-specific sugar-maple exposure
133.6929285914811,133.6929285914811,4.902997584573401,1.1906238361469423,FALSE,3,TRUE,Full-cohort baseline,frame-corrected basal area of all live sugar-maple TREE records at least 1 inch DBH,0.30680645079067304,0.20851844711636594,0.4264609421416852,probability of no sugar-maple seedlings tallied,continuous adjusters at their means; no recorded disturbance or treatment; county random effect set to zero,pointwise Wald 95% confidence interval,curve restricted to the observed minimum through the observed 99th percentile of the cohort-specific sugar-maple exposure
138.0502295086805,138.0502295086805,4.934835231226476,1.20901608818651,FALSE,3,TRUE,Full-cohort baseline,frame-corrected basal area of all live sugar-maple TREE records at least 1 inch DBH,0.305438759765238,0.2046458242114466,0.42909233650816175,probability of no sugar-maple seedlings tallied,continuous adjusters at their means; no recorded disturbance or treatment; county random effect set to zero,pointwise Wald 95% confidence interval,curve restricted to the observed minimum through the observed 99th percentile of the cohort-specific sugar-maple exposure
142.54848861486246,142.54848861486246,4.9666728778795495,1.2274083402260774,FALSE,3,TRUE,Full-cohort baseline,frame-corrected basal area of all live sugar-maple TREE records at least 1 inch DBH,0.3040593558911156,0.20069624794560212,0.4318923866895363,probability of no sugar-maple seedlings tallied,continuous adjusters at their means; no recorded disturbance or treatment; county random effect set to zero,pointwise Wald 95% confidence interval,curve restricted to the observed minimum through the observed 99th percentile of the cohort-specific sugar-maple exposure
147.19226589140533,147.19226589140533,4.998510524532624,1.245800592265645,FALSE,3,TRUE,Full-cohort baseline,frame-corrected basal area of all live sugar-maple TREE records at least 1 inch DBH,0.3026690875467368,0.19668165812874525,0.4348536098096252,probability of no sugar-maple seedlings tallied,continuous adjusters at their means; no recorded disturbance or treatment; county random effect set to zero,pointwise Wald 95% confidence interval,curve restricted to the observed minimum through the observed 99th percentile of the cohort-specific sugar-maple exposure
151.9862688345658,151.9862688345658,5.030348171185698,1.2641928443052122,FALSE,3,TRUE,Full-cohort baseline,frame-corrected basal area of all live sugar-maple TREE records at least 1 inch DBH,0.30126879765660164,0.19261376275478168,0.4379684101633726,probability of no sugar-maple seedlings tallied,continuous adjusters at their means; no recorded disturbance or treatment; county random effect set to zero,pointwise Wald 95% confidence interval,curve restricted to the observed minimum through the observed 99th percentile of the cohort-specific sugar-maple exposure
156.93535722756945,156.93535722756945,5.062185817838772,1.28258509634478,FALSE,3,TRUE,Full-cohort baseline,frame-corrected basal area of all live sugar-maple TREE records at least 1 inch DBH,0.29985932342103455,0.18850394613675536,0.4412291528261014,probability of no sugar-maple seedlings tallied,continuous adjusters at their means; no recorded disturbance or treatment; county random effect set to zero,pointwise Wald 95% confidence interval,curve restricted to the observed minimum through the observed 99th percentile of the cohort-specific sugar-maple exposure
