geoid,county_name,sample_n,gap_n,gap_denominator,estimate,conf_low,conf_high,map_supported,mapped_gap_fraction
26001,Alcona,16,1,16,0.0625,0.01111905730833121,0.2832926836802987,FALSE,NA
26003,Alger,96,7,93,0.07526881720430108,0.03693621408501647,0.14729866018389276,TRUE,0.07526881720430108
26005,Allegan,6,0,4,0,0,0.48990002040399916,FALSE,NA
26007,Alpena,2,1,2,0.5,0.09452865480086614,0.9054713451991339,FALSE,NA
26009,Antrim,18,2,17,0.11764705882352941,0.03287908001292092,0.3433684249770991,FALSE,NA
26011,Arenac,1,0,1,0,0,0.7934567085261071,FALSE,NA
26013,Baraga,68,3,68,0.04411764705882353,0.0151163456535321,0.12187392182380694,TRUE,0.04411764705882353
26015,Barry,8,0,8,0,0,0.3244156195108769,FALSE,NA
26017,Bay,1,0,1,0,0,0.7934567085261071,FALSE,NA
26019,Benzie,19,3,19,0.15789473684210525,0.055203710399278266,0.3756592764317668,FALSE,NA
26021,Berrien,7,1,7,0.14285714285714285,0.02567895594897479,0.51313450331903,FALSE,NA
26023,Branch,3,0,2,0,0,0.6576280471103807,FALSE,NA
26025,Calhoun,7,0,6,0,0,0.3903430336530645,FALSE,NA
26027,Cass,5,0,5,0,0,0.43449149475208104,FALSE,NA
26029,Charlevoix,14,4,14,0.2857142857142857,0.11721187910109099,0.5464954117248438,FALSE,NA
26031,Cheboygan,20,3,19,0.15789473684210525,0.055203710399278266,0.3756592764317668,FALSE,NA
26033,Chippewa,47,0,47,0,6.938893903907228e-18,0.0755601711983887,TRUE,0
26035,Clare,1,0,1,0,0,0.7934567085261071,FALSE,NA
26037,Clinton,1,0,1,0,0,0.7934567085261071,FALSE,NA
26039,Crawford,9,0,9,0,0,0.2991527535509594,FALSE,NA
26041,Delta,46,7,44,0.1590909090909091,0.079265765577184,0.2936649056378255,TRUE,0.1590909090909091
26043,Dickinson,25,6,24,0.25,0.1199920347934233,0.4489982531210644,TRUE,0.25
26045,Eaton,3,1,3,0.3333333333333333,0.0614903152761605,0.7923450448735121,FALSE,NA
26047,Emmet,12,2,11,0.18181818181818182,0.05136660067100063,0.4769861375782448,FALSE,NA
26049,Genesee,3,1,3,0.3333333333333333,0.0614903152761605,0.7923450448735121,FALSE,NA
26051,Gladwin,2,0,1,0,0,0.7934567085261071,FALSE,NA
26053,Gogebic,137,6,134,0.04477611940298507,0.020680206883838287,0.0942459112111345,TRUE,0.04477611940298507
26055,Grand Traverse,15,3,15,0.2,0.07047420643610411,0.4518593533465045,FALSE,NA
26059,Hillsdale,4,0,4,0,0,0.48990002040399916,FALSE,NA
26061,Houghton,108,0,107,0,0,0.03465846757895952,TRUE,0
26063,Huron,1,1,1,1,0.20654329147389294,1,FALSE,NA
26065,Ingham,3,0,3,0,0,0.5615060804490177,FALSE,NA
26067,Ionia,5,1,4,0.25,0.045586062644636216,0.6993639475573634,FALSE,NA
26069,Iosco,5,0,5,0,0,0.43449149475208104,FALSE,NA
26071,Iron,104,12,102,0.11764705882352941,0.068593790294468,0.19445589905263183,TRUE,0.11764705882352941
26073,Isabella,6,0,6,0,0,0.3903430336530645,FALSE,NA
26075,Jackson,4,0,4,0,0,0.48990002040399916,FALSE,NA
26077,Kalamazoo,4,0,4,0,0,0.48990002040399916,FALSE,NA
26079,Kalkaska,15,2,13,0.15384615384615385,0.04325726318273798,0.4223517050863101,FALSE,NA
26081,Kent,6,0,5,0,0,0.43449149475208104,FALSE,NA
26083,Keweenaw,27,0,27,0,0,0.12455903714463581,TRUE,0
26085,Lake,8,0,8,0,0,0.3244156195108769,FALSE,NA
26087,Lapeer,4,0,4,0,0,0.48990002040399916,FALSE,NA
26089,Leelanau,16,4,16,0.25,0.10181901984237346,0.49498768929398645,FALSE,NA
26091,Lenawee,3,0,3,0,0,0.5615060804490177,FALSE,NA
26095,Luce,42,3,42,0.07142857142857142,0.024589963551172864,0.19009713288525165,TRUE,0.07142857142857142
26097,Mackinac,48,3,47,0.06382978723404255,0.0219449870207728,0.17162877934377904,TRUE,0.06382978723404255
26099,Macomb,1,0,1,0,0,0.7934567085261071,FALSE,NA
26101,Manistee,13,4,13,0.3076923076923077,0.12680497161618087,0.5763111218666236,FALSE,NA
26103,Marquette,89,2,88,0.022727272727272728,0.00625479714413793,0.07912699062959425,TRUE,0.022727272727272728
26105,Mason,3,0,3,0,0,0.5615060804490177,FALSE,NA
26107,Mecosta,3,0,3,0,0,0.5615060804490177,FALSE,NA
26109,Menominee,24,10,23,0.43478260869565216,0.25634368332198654,0.6318895069498304,TRUE,0.43478260869565216
26111,Midland,1,0,1,0,0,0.7934567085261071,FALSE,NA
26113,Missaukee,7,2,7,0.2857142857142857,0.0822171657090155,0.6410709098517873,FALSE,NA
26117,Montcalm,2,0,2,0,0,0.6576280471103807,FALSE,NA
26119,Montmorency,8,2,7,0.2857142857142857,0.0822171657090155,0.6410709098517873,FALSE,NA
26121,Muskegon,4,0,4,0,0,0.48990002040399916,FALSE,NA
26123,Newaygo,3,1,3,0.3333333333333333,0.0614903152761605,0.7923450448735121,FALSE,NA
26125,Oakland,3,0,2,0,0,0.6576280471103807,FALSE,NA
26127,Oceana,8,0,6,0,0,0.3903430336530645,FALSE,NA
26129,Ogemaw,6,0,6,0,0,0.3903430336530645,FALSE,NA
26131,Ontonagon,129,2,128,0.015625,0.004295359707748747,0.055182073818543405,TRUE,0.015625
26133,Osceola,17,3,17,0.17647058823529413,0.0619101371254899,0.41029929017375777,FALSE,NA
26135,Oscoda,9,0,8,0,0,0.3244156195108769,FALSE,NA
26137,Otsego,24,4,24,0.16666666666666666,0.06678568000728924,0.3585347038786943,TRUE,0.16666666666666666
26139,Ottawa,4,2,4,0.5,0.15003570882017148,0.8499642911798285,FALSE,NA
26141,Presque Isle,9,1,9,0.1111111111111111,0.019890371327130535,0.4350062147680601,FALSE,NA
26143,Roscommon,2,0,2,0,0,0.6576280471103807,FALSE,NA
26147,St. Clair,2,1,2,0.5,0.09452865480086614,0.9054713451991339,FALSE,NA
26149,St. Joseph,2,0,2,0,0,0.6576280471103807,FALSE,NA
26151,Sanilac,1,0,1,0,0,0.7934567085261071,FALSE,NA
26153,Schoolcraft,37,1,37,0.02702702702702703,0.00478685105490774,0.13824378437563367,TRUE,0.02702702702702703
26155,Shiawassee,1,0,1,0,0,0.7934567085261071,FALSE,NA
26157,Tuscola,3,0,3,0,0,0.5615060804490177,FALSE,NA
26159,Van Buren,3,1,3,0.3333333333333333,0.0614903152761605,0.7923450448735121,FALSE,NA
26163,Wayne,3,0,3,0,0,0.5615060804490177,FALSE,NA
26165,Wexford,31,6,31,0.1935483870967742,0.09186883586347633,0.36280603555459856,TRUE,0.1935483870967742
