model,observations,events,event_fraction,brier_score,log_loss,roc_auc,average_precision,calibration_intercept,calibration_slope,mean_predicted_probability,observed_expected_ratio,top_capacity,top_events,top_recruitment_fraction,top_no_new_tally_fraction,top_event_capture_fraction,cutoff_tied_weight,cutoff_tied_selected_weight,tie_neutral_expected_top_events,population,sensitivity,lambda
Prevalence,914,100,0.10940919037199125,0.09781713735257705,0.34716957286750644,NA,NA,NA,NA,0.10939668169205168,1.000114342407339,228,14,0.06140350877192982,0.9385964912280702,0.14,184,46,16,All eligible pairs,Exact mapped overlap,1
Observation design,914,100,0.10940919037199125,0.09660082960204028,0.3408447060121386,0.578022113022113,0.1290542688294673,-0.6061495291027604,0.7026584112875557,0.10941462163730184,0.9999503606992436,228,33,0.14473684210526316,0.8552631578947368,0.33,15,14,32.8,All eligible pairs,Exact mapped overlap,1
Seedling count and design,914,100,0.10940919037199125,0.08829437898340659,0.2902407262835651,0.7959520884520884,0.26450887358528435,-0.06943718781999869,0.9631709756909381,0.11017997214946307,0.99300433860678206,228,59,0.25877192982456143,0.7412280701754386,0.59,1,1,59,All eligible pairs,Exact mapped overlap,1
Maple stages and design,914,100,0.10940919037199125,0.0865949764628459,0.2831766807094232,0.8055405405405406,0.3032684216330463,-0.1020036459356867,0.945054610548243,0.11074065816736373,0.9879767032505783,228,58,0.2543859649122807,0.7456140350877193,0.58,1,1,58,All eligible pairs,Exact mapped overlap,1
Prevalence,787,92,0.11689961880559085,0.10392382026548998,0.3639455302492612,NA,NA,NA,NA,0.11682730324568986,1.0006189953708757,196,11,0.05612244897959184,0.9438775510204082,0.11956521739130435,158,41,12.411392405063292,All eligible pairs,Follow-up manual >=9,1
Observation design,787,92,0.11689961880559085,0.10231540520842128,0.3566805773470693,0.5768063809821707,0.13446301040989372,-0.7934077892527617,0.591666630254009,0.1162932746540448,1.0052139227599346,196,30,0.15306122448979592,0.846938775510204,0.32608695652173914,9,9,30,All eligible pairs,Follow-up manual >=9,1
Seedling count and design,787,92,0.11689961880559085,0.09287898069141871,0.3014891558597624,0.7982483578354708,0.27788675292141546,-0.1021652825107058,0.9328393138568365,0.11663253768419493,1.0022899366394573,196,56,0.2857142857142857,0.7142857142857143,0.6086956521739131,1,1,56,All eligible pairs,Follow-up manual >=9,1
Maple stages and design,787,92,0.11689961880559085,0.09045525283465514,0.2937178202567443,0.8094463559587113,0.32347260906331526,-0.13390977045427485,0.9132325408659867,0.11730041454348747,0.9965831686149069,196,55,0.28061224489795916,0.7193877551020409,0.5978260869565217,1,1,55,All eligible pairs,Follow-up manual >=9,1
Prevalence,922,100,0.10845986984815618,0.09707683568345628,0.34519718212259537,NA,NA,NA,NA,0.10846746335115905,0.9999299928036642,230,14,0.06086956521739131,0.9391304347826087,0.14,184,45,15.891304347826086,All eligible pairs,Ridge lambda 4,4
Observation design,922,100,0.10845986984815618,0.09580305397760512,0.33822484646661943,0.5811922141119221,0.12835408853668437,-0.4544452481230013,0.7784239342735364,0.10851216398804545,0.9995180803887108,230,33,0.14347826086956522,0.8565217391304347,0.33,10,1,33,All eligible pairs,Ridge lambda 4,4
Seedling count and design,922,100,0.10845986984815618,0.08736527084840641,0.2883425367366828,0.7965389294403893,0.2634419460399028,0.03370165645241806,1.025013792747038,0.1091456927487695,0.9937164455752557,230,60,0.2608695652173913,0.7391304347826086,0.6,1,1,60,All eligible pairs,Ridge lambda 4,4
Maple stages and design,922,100,0.10845986984815618,0.08573539049767186,0.28145642947294836,0.8058515815085158,0.3019011075962345,0.0026616096010969067,1.010640581250284,0.10966714837049092,0.9889914296097482,230,58,0.25217391304347825,0.7478260869565218,0.58,1,1,58,All eligible pairs,Ridge lambda 4,4
Prevalence,922,100,0.10845986984815618,0.09707683568345628,0.34519718212259537,NA,NA,NA,NA,0.10846746335115905,0.9999299928036642,230,14,0.06086956521739131,0.9391304347826087,0.14,184,45,15.891304347826086,All eligible pairs,Unpenalized,0
Observation design,922,100,0.10845986984815618,0.09580531990750193,0.33872362284675095,0.5817518248175182,0.12919294273578835,-0.6484037578841947,0.6826854972916496,0.10847182445415543,0.9998897906801198,230,33,0.14347826086956522,0.8565217391304347,0.33,10,1,33,All eligible pairs,Unpenalized,0
Seedling count and design,922,100,0.10845986984815618,0.08776275931884073,0.2885732087235406,0.7963077858880778,0.2632597821050505,-0.10698078270317453,0.9402296722257389,0.1092200238564057,0.9930401589249889,230,60,0.2608695652173913,0.7391304347826086,0.6,1,1,60,All eligible pairs,Unpenalized,0
Maple stages and design,922,100,0.10845986984815618,0.08614827748816549,0.28174591750468825,0.8055109489051094,0.3029402265576045,-0.1423744677529642,0.9195405701682458,0.10982125256788548,0.9876036496771172,230,58,0.25217391304347825,0.7478260869565218,0.58,1,1,58,All eligible pairs,Unpenalized,0
Prevalence,668,100,0.1497005988023952,0.1275122974820697,0.4230620399366034,NA,NA,NA,NA,0.14971522878845914,0.9999022812429816,167,22,0.1317365269461078,0.8682634730538922,0.22,134,33,20.67910447761194,Baseline seedlings detected,Exact mapped overlap,1
Observation design,668,100,0.1497005988023952,0.126838468590241,0.42197135020941084,0.538705985915493,0.18452169233021234,-0.8627843576805763,0.49779393441598785,0.14948436610714405,1.00144652381304,167,26,0.15568862275449102,0.844311377245509,0.26,11,1,26.272727272727273,Baseline seedlings detected,Exact mapped overlap,1
Seedling count and design,668,100,0.1497005988023952,0.12031094957581835,0.3911890701022479,0.6996390845070423,0.2638959506924184,-0.17789629632006518,0.8871455711473907,0.15010029870495506,0.9973371145426864,167,43,0.25748502994011974,0.7425149700598803,0.43,1,1,43,Baseline seedlings detected,Exact mapped overlap,1
Maple stages and design,668,100,0.1497005988023952,0.11865009383811594,0.3844585402076645,0.7108098591549296,0.29792262370060407,-0.2106321060677254,0.8603860718623938,0.14986366357217157,0.9989119125617945,167,43,0.25748502994011974,0.7425149700598803,0.43,1,1,43,Baseline seedlings detected,Exact mapped overlap,1
Prevalence,573,92,0.16055846422338568,0.13517570512266683,0.44206931788219544,NA,NA,NA,NA,0.16054750877079219,1.0000682380728132,143,18,0.1258741258741259,0.8741258741258742,0.1956521739130435,113,27,18.58407079646018,Baseline seedlings detected,Follow-up manual >=9,1
Observation design,573,92,0.16055846422338568,0.13417868518799922,0.4382436491528016,0.5321567386784778,0.1973603710882752,-0.6485988857497258,0.5961238017411993,0.15909858031325708,1.0091759706922223,143,20,0.13986013986013987,0.8601398601398601,0.21739130434782608,15,7,19.933333333333334,Baseline seedlings detected,Follow-up manual >=9,1
Seedling count and design,573,92,0.16055846422338568,0.1267495902307749,0.4054166724387346,0.7081374853113983,0.27578022957113596,-0.16993139346153696,0.8777663002375579,0.15943890901178467,1.0070218444076173,143,41,0.2867132867132867,0.7132867132867133,0.44565217391304346,1,1,41,Baseline seedlings detected,Follow-up manual >=9,1
Maple stages and design,573,92,0.16055846422338568,0.12406748437553326,0.3973598210059039,0.7226114073940161,0.31563271565407525,-0.19485892450045766,0.8550590902975282,0.1593483703165505,1.0075940149524674,143,43,0.3006993006993007,0.6993006993006994,0.4673913043478261,1,1,43,Baseline seedlings detected,Follow-up manual >=9,1
Prevalence,672,100,0.1488095238095238,0.12688279533908994,0.4214976508000972,NA,NA,NA,NA,0.1488205259051141,0.9999260713834777,168,22,0.13095238095238096,0.8690476190476191,0.22,134,33,20.67910447761194,Baseline seedlings detected,Ridge lambda 4,4
Observation design,672,100,0.1488095238095238,0.12616103644212265,0.41998414630901126,0.5414423076923077,0.18455737163239336,-0.7891531021666676,0.5425513951540638,0.1486283372941152,1.0012190576757247,168,26,0.15476190476190477,0.8452380952380952,0.26,11,2,26.545454545454547,Baseline seedlings detected,Ridge lambda 4,4
Seedling count and design,672,100,0.1488095238095238,0.1195598054562453,0.38943191499132074,0.6998863636363636,0.2622896607748563,-0.10472474882222631,0.9349368839410139,0.14918187284145462,0.9975040598107617,168,45,0.26785714285714285,0.7321428571428572,0.45,1,1,45,Baseline seedlings detected,Ridge lambda 4,4
Maple stages and design,672,100,0.1488095238095238,0.11788798946410858,0.38259547413933825,0.7112937062937063,0.29542010784841577,-0.13028077275236602,0.9152498266196776,0.1490160037632937,0.998614377324882,168,43,0.25595238095238093,0.7440476190476191,0.43,1,1,43,Baseline seedlings detected,Ridge lambda 4,4
Prevalence,672,100,0.1488095238095238,0.12688279533908994,0.4214976508000972,NA,NA,NA,NA,0.1488205259051141,0.9999260713834777,168,22,0.13095238095238096,0.8690476190476191,0.22,134,33,20.67910447761194,Baseline seedlings detected,Unpenalized,0
Observation design,672,100,0.1488095238095238,0.12618411404262725,0.42049659412483836,0.5436625874125874,0.1852840265516907,-0.8815676269973606,0.48868284358065905,0.14862720345723643,1.001226695706078,168,26,0.15476190476190477,0.8452380952380952,0.26,11,2,26.545454545454547,Baseline seedlings detected,Unpenalized,0
Seedling count and design,672,100,0.1488095238095238,0.11985219885895101,0.3901283679360082,0.6994318181818182,0.2626109657731568,-0.20942494842496062,0.8672455837776917,0.14924128569975986,0.9971069540964377,168,44,0.2619047619047619,0.7380952380952381,0.44,1,1,44,Baseline seedlings detected,Unpenalized,0
Maple stages and design,672,100,0.1488095238095238,0.11830444961146773,0.38377835432997753,0.710104895104895,0.2947029495489429,-0.24697152198248415,0.8369196464551601,0.14905346106599807,0.9983634244067218,168,43,0.25595238095238093,0.7440476190476191,0.43,1,1,43,Baseline seedlings detected,Unpenalized,0
