model,metric,estimate,lower,upper,resamples_requested,resamples_succeeded,seed,uncertainty_scope,population
Prevalence,brier_score,0.09707683568345628,0.07659373045237959,0.1129964376469497,300,300,20260908,"County-cluster percentile bootstrap with training scaling and all cross-validation fits repeated; fixed original county-fold assignment, fixed model set and lambda; excludes model-choice and snapshot-selection uncertainty",All eligible pairs
Prevalence,log_loss,0.34519718212259537,0.29049204411881835,0.387210967880206,300,300,20260908,"County-cluster percentile bootstrap with training scaling and all cross-validation fits repeated; fixed original county-fold assignment, fixed model set and lambda; excludes model-choice and snapshot-selection uncertainty",All eligible pairs
Prevalence,roc_auc,NA,NA,NA,300,300,20260908,"County-cluster percentile bootstrap with training scaling and all cross-validation fits repeated; fixed original county-fold assignment, fixed model set and lambda; excludes model-choice and snapshot-selection uncertainty",All eligible pairs
Prevalence,average_precision,NA,NA,NA,300,300,20260908,"County-cluster percentile bootstrap with training scaling and all cross-validation fits repeated; fixed original county-fold assignment, fixed model set and lambda; excludes model-choice and snapshot-selection uncertainty",All eligible pairs
Prevalence,top_recruitment_fraction,0.06086956521739131,0.03246916486206572,0.1111111111111111,300,300,20260908,"County-cluster percentile bootstrap with training scaling and all cross-validation fits repeated; fixed original county-fold assignment, fixed model set and lambda; excludes model-choice and snapshot-selection uncertainty",All eligible pairs
Prevalence,top_no_new_tally_fraction,0.9391304347826087,0.8888888888888888,0.9675308351379344,300,300,20260908,"County-cluster percentile bootstrap with training scaling and all cross-validation fits repeated; fixed original county-fold assignment, fixed model set and lambda; excludes model-choice and snapshot-selection uncertainty",All eligible pairs
Prevalence,top_event_capture_fraction,0.14,0.07514140271493214,0.2428043275217931,300,300,20260908,"County-cluster percentile bootstrap with training scaling and all cross-validation fits repeated; fixed original county-fold assignment, fixed model set and lambda; excludes model-choice and snapshot-selection uncertainty",All eligible pairs
Prevalence,top_events,14,6,27.524999999999977,300,300,20260908,"County-cluster percentile bootstrap with training scaling and all cross-validation fits repeated; fixed original county-fold assignment, fixed model set and lambda; excludes model-choice and snapshot-selection uncertainty",All eligible pairs
Observation design,brier_score,0.09580208361236874,0.07612707604880276,0.11297701757420581,300,300,20260908,"County-cluster percentile bootstrap with training scaling and all cross-validation fits repeated; fixed original county-fold assignment, fixed model set and lambda; excludes model-choice and snapshot-selection uncertainty",All eligible pairs
Observation design,log_loss,0.3385331958042661,0.2830218976943569,0.38614166769535285,300,300,20260908,"County-cluster percentile bootstrap with training scaling and all cross-validation fits repeated; fixed original county-fold assignment, fixed model set and lambda; excludes model-choice and snapshot-selection uncertainty",All eligible pairs
Observation design,roc_auc,0.5814963503649635,0.4527640002212308,0.6512675039179949,300,300,20260908,"County-cluster percentile bootstrap with training scaling and all cross-validation fits repeated; fixed original county-fold assignment, fixed model set and lambda; excludes model-choice and snapshot-selection uncertainty",All eligible pairs
Observation design,average_precision,0.12901520072843115,0.08131213251293468,0.19142596527302097,300,300,20260908,"County-cluster percentile bootstrap with training scaling and all cross-validation fits repeated; fixed original county-fold assignment, fixed model set and lambda; excludes model-choice and snapshot-selection uncertainty",All eligible pairs
Observation design,top_recruitment_fraction,0.14347826086956522,0.05321724709784412,0.18440712388689265,300,300,20260908,"County-cluster percentile bootstrap with training scaling and all cross-validation fits repeated; fixed original county-fold assignment, fixed model set and lambda; excludes model-choice and snapshot-selection uncertainty",All eligible pairs
Observation design,top_no_new_tally_fraction,0.8565217391304347,0.8155928761131073,0.9467827529021559,300,300,20260908,"County-cluster percentile bootstrap with training scaling and all cross-validation fits repeated; fixed original county-fold assignment, fixed model set and lambda; excludes model-choice and snapshot-selection uncertainty",All eligible pairs
Observation design,top_event_capture_fraction,0.33,0.13990384615384616,0.42170522619293516,300,300,20260908,"County-cluster percentile bootstrap with training scaling and all cross-validation fits repeated; fixed original county-fold assignment, fixed model set and lambda; excludes model-choice and snapshot-selection uncertainty",All eligible pairs
Observation design,top_events,33,8,52.52499999999998,300,300,20260908,"County-cluster percentile bootstrap with training scaling and all cross-validation fits repeated; fixed original county-fold assignment, fixed model set and lambda; excludes model-choice and snapshot-selection uncertainty",All eligible pairs
Seedling count and design,brier_score,0.08763793549011183,0.06947082616485853,0.10354095337787592,300,300,20260908,"County-cluster percentile bootstrap with training scaling and all cross-validation fits repeated; fixed original county-fold assignment, fixed model set and lambda; excludes model-choice and snapshot-selection uncertainty",All eligible pairs
Seedling count and design,log_loss,0.2884388154141161,0.2366468820739083,0.33647692359496917,300,300,20260908,"County-cluster percentile bootstrap with training scaling and all cross-validation fits repeated; fixed original county-fold assignment, fixed model set and lambda; excludes model-choice and snapshot-selection uncertainty",All eligible pairs
Seedling count and design,roc_auc,0.7964537712895378,0.7301030822911949,0.8408832699217924,300,300,20260908,"County-cluster percentile bootstrap with training scaling and all cross-validation fits repeated; fixed original county-fold assignment, fixed model set and lambda; excludes model-choice and snapshot-selection uncertainty",All eligible pairs
Seedling count and design,average_precision,0.2637325244807148,0.195956404233847,0.32505481509966727,300,300,20260908,"County-cluster percentile bootstrap with training scaling and all cross-validation fits repeated; fixed original county-fold assignment, fixed model set and lambda; excludes model-choice and snapshot-selection uncertainty",All eligible pairs
Seedling count and design,top_recruitment_fraction,0.2608695652173913,0.18370398084405865,0.31987120981644857,300,300,20260908,"County-cluster percentile bootstrap with training scaling and all cross-validation fits repeated; fixed original county-fold assignment, fixed model set and lambda; excludes model-choice and snapshot-selection uncertainty",All eligible pairs
Seedling count and design,top_no_new_tally_fraction,0.7391304347826086,0.6801287901835513,0.8162960191559413,300,300,20260908,"County-cluster percentile bootstrap with training scaling and all cross-validation fits repeated; fixed original county-fold assignment, fixed model set and lambda; excludes model-choice and snapshot-selection uncertainty",All eligible pairs
Seedling count and design,top_event_capture_fraction,0.6,0.4698409090909091,0.7380434782608695,300,300,20260908,"County-cluster percentile bootstrap with training scaling and all cross-validation fits repeated; fixed original county-fold assignment, fixed model set and lambda; excludes model-choice and snapshot-selection uncertainty",All eligible pairs
Seedling count and design,top_events,60,32.475,90.04999999999995,300,300,20260908,"County-cluster percentile bootstrap with training scaling and all cross-validation fits repeated; fixed original county-fold assignment, fixed model set and lambda; excludes model-choice and snapshot-selection uncertainty",All eligible pairs
Maple stages and design,brier_score,0.08601231882884919,0.07050152276416274,0.10114975807255655,300,300,20260908,"County-cluster percentile bootstrap with training scaling and all cross-validation fits repeated; fixed original county-fold assignment, fixed model set and lambda; excludes model-choice and snapshot-selection uncertainty",All eligible pairs
Maple stages and design,log_loss,0.2815750644966249,0.2329115549131282,0.3263854417203117,300,300,20260908,"County-cluster percentile bootstrap with training scaling and all cross-validation fits repeated; fixed original county-fold assignment, fixed model set and lambda; excludes model-choice and snapshot-selection uncertainty",All eligible pairs
Maple stages and design,roc_auc,0.8058880778588807,0.7357790417443871,0.8504961081473852,300,300,20260908,"County-cluster percentile bootstrap with training scaling and all cross-validation fits repeated; fixed original county-fold assignment, fixed model set and lambda; excludes model-choice and snapshot-selection uncertainty",All eligible pairs
Maple stages and design,average_precision,0.303394201660823,0.19682900002313308,0.3584055614908472,300,300,20260908,"County-cluster percentile bootstrap with training scaling and all cross-validation fits repeated; fixed original county-fold assignment, fixed model set and lambda; excludes model-choice and snapshot-selection uncertainty",All eligible pairs
Maple stages and design,top_recruitment_fraction,0.25217391304347825,0.17891142955801104,0.3122540250447227,300,300,20260908,"County-cluster percentile bootstrap with training scaling and all cross-validation fits repeated; fixed original county-fold assignment, fixed model set and lambda; excludes model-choice and snapshot-selection uncertainty",All eligible pairs
Maple stages and design,top_no_new_tally_fraction,0.7478260869565218,0.6877459749552772,0.8210885704419888,300,300,20260908,"County-cluster percentile bootstrap with training scaling and all cross-validation fits repeated; fixed original county-fold assignment, fixed model set and lambda; excludes model-choice and snapshot-selection uncertainty",All eligible pairs
Maple stages and design,top_event_capture_fraction,0.58,0.46571969696969695,0.719950660512494,300,300,20260908,"County-cluster percentile bootstrap with training scaling and all cross-validation fits repeated; fixed original county-fold assignment, fixed model set and lambda; excludes model-choice and snapshot-selection uncertainty",All eligible pairs
Maple stages and design,top_events,58,32,83,300,300,20260908,"County-cluster percentile bootstrap with training scaling and all cross-validation fits repeated; fixed original county-fold assignment, fixed model set and lambda; excludes model-choice and snapshot-selection uncertainty",All eligible pairs
Prevalence,brier_score,0.12688279533908994,0.10843550045111353,0.14360246777881547,300,300,20260908,"County-cluster percentile bootstrap with training scaling and all cross-validation fits repeated; fixed original county-fold assignment, fixed model set and lambda; excludes model-choice and snapshot-selection uncertainty",Baseline seedlings detected
Prevalence,log_loss,0.4214976508000972,0.3755799872018478,0.4628098320077501,300,300,20260908,"County-cluster percentile bootstrap with training scaling and all cross-validation fits repeated; fixed original county-fold assignment, fixed model set and lambda; excludes model-choice and snapshot-selection uncertainty",Baseline seedlings detected
Prevalence,roc_auc,NA,NA,NA,300,300,20260908,"County-cluster percentile bootstrap with training scaling and all cross-validation fits repeated; fixed original county-fold assignment, fixed model set and lambda; excludes model-choice and snapshot-selection uncertainty",Baseline seedlings detected
Prevalence,average_precision,NA,NA,NA,300,300,20260908,"County-cluster percentile bootstrap with training scaling and all cross-validation fits repeated; fixed original county-fold assignment, fixed model set and lambda; excludes model-choice and snapshot-selection uncertainty",Baseline seedlings detected
Prevalence,top_recruitment_fraction,0.13095238095238096,0.0684729064039409,0.18554590570719592,300,300,20260908,"County-cluster percentile bootstrap with training scaling and all cross-validation fits repeated; fixed original county-fold assignment, fixed model set and lambda; excludes model-choice and snapshot-selection uncertainty",Baseline seedlings detected
Prevalence,top_no_new_tally_fraction,0.8690476190476191,0.814454094292804,0.9315270935960591,300,300,20260908,"County-cluster percentile bootstrap with training scaling and all cross-validation fits repeated; fixed original county-fold assignment, fixed model set and lambda; excludes model-choice and snapshot-selection uncertainty",Baseline seedlings detected
Prevalence,top_event_capture_fraction,0.22,0.12138836772983114,0.2912063953488372,300,300,20260908,"County-cluster percentile bootstrap with training scaling and all cross-validation fits repeated; fixed original county-fold assignment, fixed model set and lambda; excludes model-choice and snapshot-selection uncertainty",Baseline seedlings detected
Prevalence,top_events,22,9,35.52499999999998,300,300,20260908,"County-cluster percentile bootstrap with training scaling and all cross-validation fits repeated; fixed original county-fold assignment, fixed model set and lambda; excludes model-choice and snapshot-selection uncertainty",Baseline seedlings detected
Observation design,brier_score,0.12617633434339398,0.10819256456965504,0.1444608155533229,300,300,20260908,"County-cluster percentile bootstrap with training scaling and all cross-validation fits repeated; fixed original county-fold assignment, fixed model set and lambda; excludes model-choice and snapshot-selection uncertainty",Baseline seedlings detected
Observation design,log_loss,0.4203394951988918,0.37474020381555784,0.4711670297607549,300,300,20260908,"County-cluster percentile bootstrap with training scaling and all cross-validation fits repeated; fixed original county-fold assignment, fixed model set and lambda; excludes model-choice and snapshot-selection uncertainty",Baseline seedlings detected
Observation design,roc_auc,0.5429982517482518,0.37069020640264944,0.6061191764437563,300,300,20260908,"County-cluster percentile bootstrap with training scaling and all cross-validation fits repeated; fixed original county-fold assignment, fixed model set and lambda; excludes model-choice and snapshot-selection uncertainty",Baseline seedlings detected
Observation design,average_precision,0.18507947406433492,0.10850194992195564,0.2407600229013277,300,300,20260908,"County-cluster percentile bootstrap with training scaling and all cross-validation fits repeated; fixed original county-fold assignment, fixed model set and lambda; excludes model-choice and snapshot-selection uncertainty",Baseline seedlings detected
Observation design,top_recruitment_fraction,0.15476190476190477,0.075034435261708,0.23428105221518986,300,300,20260908,"County-cluster percentile bootstrap with training scaling and all cross-validation fits repeated; fixed original county-fold assignment, fixed model set and lambda; excludes model-choice and snapshot-selection uncertainty",Baseline seedlings detected
Observation design,top_no_new_tally_fraction,0.8452380952380952,0.7657189477848101,0.924965564738292,300,300,20260908,"County-cluster percentile bootstrap with training scaling and all cross-validation fits repeated; fixed original county-fold assignment, fixed model set and lambda; excludes model-choice and snapshot-selection uncertainty",Baseline seedlings detected
Observation design,top_event_capture_fraction,0.26,0.12837912087912087,0.39420492721164613,300,300,20260908,"County-cluster percentile bootstrap with training scaling and all cross-validation fits repeated; fixed original county-fold assignment, fixed model set and lambda; excludes model-choice and snapshot-selection uncertainty",Baseline seedlings detected
Observation design,top_events,26,9,46,300,300,20260908,"County-cluster percentile bootstrap with training scaling and all cross-validation fits repeated; fixed original county-fold assignment, fixed model set and lambda; excludes model-choice and snapshot-selection uncertainty",Baseline seedlings detected
Seedling count and design,brier_score,0.11976357957118025,0.10675916530370633,0.13927282680613132,300,300,20260908,"County-cluster percentile bootstrap with training scaling and all cross-validation fits repeated; fixed original county-fold assignment, fixed model set and lambda; excludes model-choice and snapshot-selection uncertainty",Baseline seedlings detected
Seedling count and design,log_loss,0.38989754096267587,0.35775150151280877,0.44442214081387044,300,300,20260908,"County-cluster percentile bootstrap with training scaling and all cross-validation fits repeated; fixed original county-fold assignment, fixed model set and lambda; excludes model-choice and snapshot-selection uncertainty",Baseline seedlings detected
Seedling count and design,roc_auc,0.6993269230769231,0.6185564855437284,0.7460646023976303,300,300,20260908,"County-cluster percentile bootstrap with training scaling and all cross-validation fits repeated; fixed original county-fold assignment, fixed model set and lambda; excludes model-choice and snapshot-selection uncertainty",Baseline seedlings detected
Seedling count and design,average_precision,0.2622979741599392,0.1959619268342656,0.31924396373875097,300,300,20260908,"County-cluster percentile bootstrap with training scaling and all cross-validation fits repeated; fixed original county-fold assignment, fixed model set and lambda; excludes model-choice and snapshot-selection uncertainty",Baseline seedlings detected
Seedling count and design,top_recruitment_fraction,0.2619047619047619,0.16051000805602034,0.3281641755062681,300,300,20260908,"County-cluster percentile bootstrap with training scaling and all cross-validation fits repeated; fixed original county-fold assignment, fixed model set and lambda; excludes model-choice and snapshot-selection uncertainty",Baseline seedlings detected
Seedling count and design,top_no_new_tally_fraction,0.7380952380952381,0.6718358244937319,0.8394899919439796,300,300,20260908,"County-cluster percentile bootstrap with training scaling and all cross-validation fits repeated; fixed original county-fold assignment, fixed model set and lambda; excludes model-choice and snapshot-selection uncertainty",Baseline seedlings detected
Seedling count and design,top_event_capture_fraction,0.44,0.3088561563326477,0.5367875,300,300,20260908,"County-cluster percentile bootstrap with training scaling and all cross-validation fits repeated; fixed original county-fold assignment, fixed model set and lambda; excludes model-choice and snapshot-selection uncertainty",Baseline seedlings detected
Seedling count and design,top_events,44,21.475,68.52499999999998,300,300,20260908,"County-cluster percentile bootstrap with training scaling and all cross-validation fits repeated; fixed original county-fold assignment, fixed model set and lambda; excludes model-choice and snapshot-selection uncertainty",Baseline seedlings detected
Maple stages and design,brier_score,0.11817427320647096,0.1073110058896482,0.13830916387134515,300,300,20260908,"County-cluster percentile bootstrap with training scaling and all cross-validation fits repeated; fixed original county-fold assignment, fixed model set and lambda; excludes model-choice and snapshot-selection uncertainty",Baseline seedlings detected
Maple stages and design,log_loss,0.38338334565100646,0.35749717762038147,0.4416110277312977,300,300,20260908,"County-cluster percentile bootstrap with training scaling and all cross-validation fits repeated; fixed original county-fold assignment, fixed model set and lambda; excludes model-choice and snapshot-selection uncertainty",Baseline seedlings detected
Maple stages and design,roc_auc,0.7105944055944056,0.6221632322242164,0.757039444582502,300,300,20260908,"County-cluster percentile bootstrap with training scaling and all cross-validation fits repeated; fixed original county-fold assignment, fixed model set and lambda; excludes model-choice and snapshot-selection uncertainty",Baseline seedlings detected
Maple stages and design,average_precision,0.2948058599977603,0.19411573774943552,0.36199978040544795,300,300,20260908,"County-cluster percentile bootstrap with training scaling and all cross-validation fits repeated; fixed original county-fold assignment, fixed model set and lambda; excludes model-choice and snapshot-selection uncertainty",Baseline seedlings detected
Maple stages and design,top_recruitment_fraction,0.25595238095238093,0.16071428571428573,0.3423552374756017,300,300,20260908,"County-cluster percentile bootstrap with training scaling and all cross-validation fits repeated; fixed original county-fold assignment, fixed model set and lambda; excludes model-choice and snapshot-selection uncertainty",Baseline seedlings detected
Maple stages and design,top_no_new_tally_fraction,0.7440476190476191,0.6576447625243982,0.8392857142857143,300,300,20260908,"County-cluster percentile bootstrap with training scaling and all cross-validation fits repeated; fixed original county-fold assignment, fixed model set and lambda; excludes model-choice and snapshot-selection uncertainty",Baseline seedlings detected
Maple stages and design,top_event_capture_fraction,0.43,0.3237298387096774,0.5311837029893924,300,300,20260908,"County-cluster percentile bootstrap with training scaling and all cross-validation fits repeated; fixed original county-fold assignment, fixed model set and lambda; excludes model-choice and snapshot-selection uncertainty",Baseline seedlings detected
Maple stages and design,top_events,43,21,70.52499999999998,300,300,20260908,"County-cluster percentile bootstrap with training scaling and all cross-validation fits repeated; fixed original county-fold assignment, fixed model set and lambda; excludes model-choice and snapshot-selection uncertainty",Baseline seedlings detected
