dataset,source_url,local_path,bytes,sha256,retrieved_at_utc,release_expected_bytes,release_expected_sha256,release_snapshot_match
FIA Michigan SQLite archive,https://apps.fs.usda.gov/fia/datamart/Databases/SQLite_FIADB_MI.zip,data/raw/fia/SQLite_FIADB_MI.zip,1180933421,2c1eb908a47436d4edd0f3ba9e3d647b79a4f36cef972c5ba83277300817aee1,2026-08-27 02:54:45 UTC,1180933421,2c1eb908a47436d4edd0f3ba9e3d647b79a4f36cef972c5ba83277300817aee1,TRUE
US Census county gazetteer,https://www2.census.gov/geo/docs/maps-data/data/gazetteer/2025_Gazetteer/2025_Gaz_counties_national.zip,data/raw/boundaries/2025_Gaz_counties_national.zip,138993,4c90d0f805779923b5958ab13d0c1e9b99fe4932b786bfcf75dd739bb2dcb4ea,2026-08-27 03:09:00 UTC,138993,4c90d0f805779923b5958ab13d0c1e9b99fe4932b786bfcf75dd739bb2dcb4ea,TRUE
Daymet county internal-point series 26001,"https://daymet.ornl.gov/single-pixel/api/data?lat=44.657509&lon=-83.294580&vars=tmin,tmax,prcp&years=1991,1992,1993,1994,1995,1996,1997,1998,1999,2000,2001,2002,2003,2004,2005,2006,2007,2008,2009,2010,2011,2012,2013,2014,2015,2016,2017,2018,2019,2020",data/raw/climate/daymet-single-pixel/daymet_26001_1991_2020.csv,277677,065f12089725e7c945f211e636102e1d5c21582edf278f5d34d53d2f0a9c0833,2026-08-27 03:09:39 UTC,NA,NA,NA
Daymet county internal-point series 26003,"https://daymet.ornl.gov/single-pixel/api/data?lat=46.521736&lon=-86.657119&vars=tmin,tmax,prcp&years=1991,1992,1993,1994,1995,1996,1997,1998,1999,2000,2001,2002,2003,2004,2005,2006,2007,2008,2009,2010,2011,2012,2013,2014,2015,2016,2017,2018,2019,2020",data/raw/climate/daymet-single-pixel/daymet_26003_1991_2020.csv,278226,05c339d6e9d9b471bdd6156f046b39de5e5d19d85b747cff7f7351f5907c1c3e,2026-08-27 03:09:41 UTC,NA,NA,NA
Daymet county internal-point series 26005,"https://daymet.ornl.gov/single-pixel/api/data?lat=42.421251&lon=-86.261403&vars=tmin,tmax,prcp&years=1991,1992,1993,1994,1995,1996,1997,1998,1999,2000,2001,2002,2003,2004,2005,2006,2007,2008,2009,2010,2011,2012,2013,2014,2015,2016,2017,2018,2019,2020",data/raw/climate/daymet-single-pixel/daymet_26005_1991_2020.csv,277433,c8c70781f8b624ebb49b620e5b810e3e962cf92d962c058bf403ebe549b33bd7,2026-08-27 03:09:41 UTC,NA,NA,NA
Daymet county internal-point series 26007,"https://daymet.ornl.gov/single-pixel/api/data?lat=44.894954&lon=-83.426574&vars=tmin,tmax,prcp&years=1991,1992,1993,1994,1995,1996,1997,1998,1999,2000,2001,2002,2003,2004,2005,2006,2007,2008,2009,2010,2011,2012,2013,2014,2015,2016,2017,2018,2019,2020",data/raw/climate/daymet-single-pixel/daymet_26007_1991_2020.csv,277714,1ed6d251673be9e81d67a18dc0682a76c796009ddb1078c3eb84193eb6429985,2026-08-27 03:09:42 UTC,NA,NA,NA
Daymet county internal-point series 26009,"https://daymet.ornl.gov/single-pixel/api/data?lat=45.005455&lon=-85.175639&vars=tmin,tmax,prcp&years=1991,1992,1993,1994,1995,1996,1997,1998,1999,2000,2001,2002,2003,2004,2005,2006,2007,2008,2009,2010,2011,2012,2013,2014,2015,2016,2017,2018,2019,2020",data/raw/climate/daymet-single-pixel/daymet_26009_1991_2020.csv,277788,8751ae1a7836e72a70f7674822f264a2b77b1070da548a263d21571627c266a1,2026-08-27 03:09:43 UTC,NA,NA,NA
Daymet county internal-point series 26011,"https://daymet.ornl.gov/single-pixel/api/data?lat=44.036833&lon=-83.740675&vars=tmin,tmax,prcp&years=1991,1992,1993,1994,1995,1996,1997,1998,1999,2000,2001,2002,2003,2004,2005,2006,2007,2008,2009,2010,2011,2012,2013,2014,2015,2016,2017,2018,2019,2020",data/raw/climate/daymet-single-pixel/daymet_26011_1991_2020.csv,277783,abb604fd4489dbdacb4212ba0af8e4c656bb2f0b849c3fae60387ab679390aa1,2026-08-27 03:09:44 UTC,NA,NA,NA
Daymet county internal-point series 26013,"https://daymet.ornl.gov/single-pixel/api/data?lat=46.695859&lon=-88.361810&vars=tmin,tmax,prcp&years=1991,1992,1993,1994,1995,1996,1997,1998,1999,2000,2001,2002,2003,2004,2005,2006,2007,2008,2009,2010,2011,2012,2013,2014,2015,2016,2017,2018,2019,2020",data/raw/climate/daymet-single-pixel/daymet_26013_1991_2020.csv,279871,4025fe1311d17112e6f64285f71e531a4c40d6eaa1f4e3c4e1e0b5d0e881a8a4,2026-08-27 03:09:50 UTC,NA,NA,NA
Daymet county internal-point series 26015,"https://daymet.ornl.gov/single-pixel/api/data?lat=42.582811&lon=-85.314550&vars=tmin,tmax,prcp&years=1991,1992,1993,1994,1995,1996,1997,1998,1999,2000,2001,2002,2003,2004,2005,2006,2007,2008,2009,2010,2011,2012,2013,2014,2015,2016,2017,2018,2019,2020",data/raw/climate/daymet-single-pixel/daymet_26015_1991_2020.csv,277978,2638e71c38a00f1d4a66ff2de1eab4675eae7a4f44d51e9fff17a29cbe481379,2026-08-27 03:09:51 UTC,NA,NA,NA
Daymet county internal-point series 26017,"https://daymet.ornl.gov/single-pixel/api/data?lat=43.699711&lon=-83.978701&vars=tmin,tmax,prcp&years=1991,1992,1993,1994,1995,1996,1997,1998,1999,2000,2001,2002,2003,2004,2005,2006,2007,2008,2009,2010,2011,2012,2013,2014,2015,2016,2017,2018,2019,2020",data/raw/climate/daymet-single-pixel/daymet_26017_1991_2020.csv,277844,984e18b6e8287981bfa15f900fce2543276d4f6b81e0700c7c0d4008696a2cdb,2026-08-27 03:09:51 UTC,NA,NA,NA
Daymet county internal-point series 26019,"https://daymet.ornl.gov/single-pixel/api/data?lat=44.636844&lon=-86.231999&vars=tmin,tmax,prcp&years=1991,1992,1993,1994,1995,1996,1997,1998,1999,2000,2001,2002,2003,2004,2005,2006,2007,2008,2009,2010,2011,2012,2013,2014,2015,2016,2017,2018,2019,2020",data/raw/climate/daymet-single-pixel/daymet_26019_1991_2020.csv,277170,9632a78914d725d2e878359d62ae748812586026157e8d3421865a82dfb9ca24,2026-08-27 03:09:52 UTC,NA,NA,NA
Daymet county internal-point series 26021,"https://daymet.ornl.gov/single-pixel/api/data?lat=41.791382&lon=-86.742543&vars=tmin,tmax,prcp&years=1991,1992,1993,1994,1995,1996,1997,1998,1999,2000,2001,2002,2003,2004,2005,2006,2007,2008,2009,2010,2011,2012,2013,2014,2015,2016,2017,2018,2019,2020",data/raw/climate/daymet-single-pixel/daymet_26021_1991_2020.csv,277644,6c48b82c6d463135b2d32ebbd27d93a3aadc6e98073916780b499a51d7ad6ba7,2026-08-27 03:09:53 UTC,NA,NA,NA
Daymet county internal-point series 26023,"https://daymet.ornl.gov/single-pixel/api/data?lat=41.918455&lon=-85.066885&vars=tmin,tmax,prcp&years=1991,1992,1993,1994,1995,1996,1997,1998,1999,2000,2001,2002,2003,2004,2005,2006,2007,2008,2009,2010,2011,2012,2013,2014,2015,2016,2017,2018,2019,2020",data/raw/climate/daymet-single-pixel/daymet_26023_1991_2020.csv,278053,454044e3af2b411af303b2c9554926c318fef64ebdf493bbf0b3fe312e85a7da,2026-08-27 03:09:53 UTC,NA,NA,NA
Daymet county internal-point series 26025,"https://daymet.ornl.gov/single-pixel/api/data?lat=42.242990&lon=-85.012385&vars=tmin,tmax,prcp&years=1991,1992,1993,1994,1995,1996,1997,1998,1999,2000,2001,2002,2003,2004,2005,2006,2007,2008,2009,2010,2011,2012,2013,2014,2015,2016,2017,2018,2019,2020",data/raw/climate/daymet-single-pixel/daymet_26025_1991_2020.csv,277983,3369199889afff454ee2a088a91020020b1e82e38f6cccabf8aa6df802dbfe6b,2026-08-27 03:09:54 UTC,NA,NA,NA
Daymet county internal-point series 26027,"https://daymet.ornl.gov/single-pixel/api/data?lat=41.917243&lon=-86.000142&vars=tmin,tmax,prcp&years=1991,1992,1993,1994,1995,1996,1997,1998,1999,2000,2001,2002,2003,2004,2005,2006,2007,2008,2009,2010,2011,2012,2013,2014,2015,2016,2017,2018,2019,2020",data/raw/climate/daymet-single-pixel/daymet_26027_1991_2020.csv,278032,b64e1066d472a0cf844f3d932928d1ef662bb408a3207a85e969bd9ba68bf1c9,2026-08-27 03:09:55 UTC,NA,NA,NA
Daymet county internal-point series 26029,"https://daymet.ornl.gov/single-pixel/api/data?lat=45.618554&lon=-85.543684&vars=tmin,tmax,prcp&years=1991,1992,1993,1994,1995,1996,1997,1998,1999,2000,2001,2002,2003,2004,2005,2006,2007,2008,2009,2010,2011,2012,2013,2014,2015,2016,2017,2018,2019,2020",data/raw/climate/daymet-single-pixel/daymet_26029_1991_2020.csv,277938,7a15aa2db064576a0cecd50ff0cdac1e486d48abc427d6a3fc6adbe8a54caa25,2026-08-27 03:09:56 UTC,NA,NA,NA
Daymet county internal-point series 26031,"https://daymet.ornl.gov/single-pixel/api/data?lat=45.476022&lon=-84.495431&vars=tmin,tmax,prcp&years=1991,1992,1993,1994,1995,1996,1997,1998,1999,2000,2001,2002,2003,2004,2005,2006,2007,2008,2009,2010,2011,2012,2013,2014,2015,2016,2017,2018,2019,2020",data/raw/climate/daymet-single-pixel/daymet_26031_1991_2020.csv,278042,692cbe85028e28959782363dcd0371a7d6411442e0f38c0c828137eb99eef6cf,2026-08-27 03:09:57 UTC,NA,NA,NA
Daymet county internal-point series 26033,"https://daymet.ornl.gov/single-pixel/api/data?lat=46.321819&lon=-84.520630&vars=tmin,tmax,prcp&years=1991,1992,1993,1994,1995,1996,1997,1998,1999,2000,2001,2002,2003,2004,2005,2006,2007,2008,2009,2010,2011,2012,2013,2014,2015,2016,2017,2018,2019,2020",data/raw/climate/daymet-single-pixel/daymet_26033_1991_2020.csv,278424,5f5e08eb9bd7cbbed59243ec5b17001b7585dbcfd793471d30e918ad5cab361e,2026-08-27 03:09:58 UTC,NA,NA,NA
Daymet county internal-point series 26035,"https://daymet.ornl.gov/single-pixel/api/data?lat=43.991137&lon=-84.838325&vars=tmin,tmax,prcp&years=1991,1992,1993,1994,1995,1996,1997,1998,1999,2000,2001,2002,2003,2004,2005,2006,2007,2008,2009,2010,2011,2012,2013,2014,2015,2016,2017,2018,2019,2020",data/raw/climate/daymet-single-pixel/daymet_26035_1991_2020.csv,278330,1de1e0d9d9febc6b4ecf7daaf79424eaebfcc5e70282e6438cd5e203c1f6edcb,2026-08-27 03:09:59 UTC,NA,NA,NA
Daymet county internal-point series 26037,"https://daymet.ornl.gov/single-pixel/api/data?lat=42.950455&lon=-84.591695&vars=tmin,tmax,prcp&years=1991,1992,1993,1994,1995,1996,1997,1998,1999,2000,2001,2002,2003,2004,2005,2006,2007,2008,2009,2010,2011,2012,2013,2014,2015,2016,2017,2018,2019,2020",data/raw/climate/daymet-single-pixel/daymet_26037_1991_2020.csv,277902,bf8c1ece0b3065bcbe820b543b40977cbd4273188e5116a6e30ed48748314f5b,2026-08-27 03:10:00 UTC,NA,NA,NA
Daymet county internal-point series 26039,"https://daymet.ornl.gov/single-pixel/api/data?lat=44.680175&lon=-84.611343&vars=tmin,tmax,prcp&years=1991,1992,1993,1994,1995,1996,1997,1998,1999,2000,2001,2002,2003,2004,2005,2006,2007,2008,2009,2010,2011,2012,2013,2014,2015,2016,2017,2018,2019,2020",data/raw/climate/daymet-single-pixel/daymet_26039_1991_2020.csv,278433,2a2098f0e8b922c3dbc0d588bc02fbba4ffcaf2e7aefad1970891ca608c47712,2026-08-27 03:10:01 UTC,NA,NA,NA
Daymet county internal-point series 26041,"https://daymet.ornl.gov/single-pixel/api/data?lat=45.805229&lon=-86.901938&vars=tmin,tmax,prcp&years=1991,1992,1993,1994,1995,1996,1997,1998,1999,2000,2001,2002,2003,2004,2005,2006,2007,2008,2009,2010,2011,2012,2013,2014,2015,2016,2017,2018,2019,2020",data/raw/climate/daymet-single-pixel/daymet_26041_1991_2020.csv,278258,c6e1b585392ed1482fcf7470cb66952415c16c935986e022167771aa64bd09da,2026-08-27 03:10:01 UTC,NA,NA,NA
Daymet county internal-point series 26043,"https://daymet.ornl.gov/single-pixel/api/data?lat=46.012833&lon=-87.866139&vars=tmin,tmax,prcp&years=1991,1992,1993,1994,1995,1996,1997,1998,1999,2000,2001,2002,2003,2004,2005,2006,2007,2008,2009,2010,2011,2012,2013,2014,2015,2016,2017,2018,2019,2020",data/raw/climate/daymet-single-pixel/daymet_26043_1991_2020.csv,279354,e50507b247733e291cf8c2ef5159a743d32765783bad20960a69b881228a33fb,2026-08-27 03:10:02 UTC,NA,NA,NA
Daymet county internal-point series 26045,"https://daymet.ornl.gov/single-pixel/api/data?lat=42.589530&lon=-84.846450&vars=tmin,tmax,prcp&years=1991,1992,1993,1994,1995,1996,1997,1998,1999,2000,2001,2002,2003,2004,2005,2006,2007,2008,2009,2010,2011,2012,2013,2014,2015,2016,2017,2018,2019,2020",data/raw/climate/daymet-single-pixel/daymet_26045_1991_2020.csv,278003,86f267ff6bc72f37a18d723046f6030153b3d86c1c5c112fb0add4505baafa45,2026-08-27 03:10:03 UTC,NA,NA,NA
Daymet county internal-point series 26047,"https://daymet.ornl.gov/single-pixel/api/data?lat=45.590094&lon=-84.986822&vars=tmin,tmax,prcp&years=1991,1992,1993,1994,1995,1996,1997,1998,1999,2000,2001,2002,2003,2004,2005,2006,2007,2008,2009,2010,2011,2012,2013,2014,2015,2016,2017,2018,2019,2020",data/raw/climate/daymet-single-pixel/daymet_26047_1991_2020.csv,278486,e97dfde1963565903d4a0c0c7581131ef9aaa292ce1cbcadba8900a7a77461fe,2026-08-27 03:10:04 UTC,NA,NA,NA
Daymet county internal-point series 26049,"https://daymet.ornl.gov/single-pixel/api/data?lat=43.021077&lon=-83.706372&vars=tmin,tmax,prcp&years=1991,1992,1993,1994,1995,1996,1997,1998,1999,2000,2001,2002,2003,2004,2005,2006,2007,2008,2009,2010,2011,2012,2013,2014,2015,2016,2017,2018,2019,2020",data/raw/climate/daymet-single-pixel/daymet_26049_1991_2020.csv,277855,b6f23a0bed343ce9c6127f2cf117201400b5368f239dec24757e81602266beb7,2026-08-27 03:10:04 UTC,NA,NA,NA
Daymet county internal-point series 26051,"https://daymet.ornl.gov/single-pixel/api/data?lat=43.989750&lon=-84.389816&vars=tmin,tmax,prcp&years=1991,1992,1993,1994,1995,1996,1997,1998,1999,2000,2001,2002,2003,2004,2005,2006,2007,2008,2009,2010,2011,2012,2013,2014,2015,2016,2017,2018,2019,2020",data/raw/climate/daymet-single-pixel/daymet_26051_1991_2020.csv,278020,df6267693adb83d16e79b8826b64591e0c1f43cc299c7755ee4aa4e8c54e505a,2026-08-27 03:10:05 UTC,NA,NA,NA
Daymet county internal-point series 26053,"https://daymet.ornl.gov/single-pixel/api/data?lat=46.488054&lon=-89.788314&vars=tmin,tmax,prcp&years=1991,1992,1993,1994,1995,1996,1997,1998,1999,2000,2001,2002,2003,2004,2005,2006,2007,2008,2009,2010,2011,2012,2013,2014,2015,2016,2017,2018,2019,2020",data/raw/climate/daymet-single-pixel/daymet_26053_1991_2020.csv,280125,57473a1d2e902823b2ee021f3e086e3689112ff23ed948b7e1414ced1d7559de,2026-08-27 03:10:06 UTC,NA,NA,NA
Daymet county internal-point series 26055,"https://daymet.ornl.gov/single-pixel/api/data?lat=44.718688&lon=-85.553848&vars=tmin,tmax,prcp&years=1991,1992,1993,1994,1995,1996,1997,1998,1999,2000,2001,2002,2003,2004,2005,2006,2007,2008,2009,2010,2011,2012,2013,2014,2015,2016,2017,2018,2019,2020",data/raw/climate/daymet-single-pixel/daymet_26055_1991_2020.csv,277517,80f5fd5224ae651f24e018485e468b213b89ef070c84765a96f4a31e391e6733,2026-08-27 03:10:07 UTC,NA,NA,NA
Daymet county internal-point series 26057,"https://daymet.ornl.gov/single-pixel/api/data?lat=43.292326&lon=-84.604690&vars=tmin,tmax,prcp&years=1991,1992,1993,1994,1995,1996,1997,1998,1999,2000,2001,2002,2003,2004,2005,2006,2007,2008,2009,2010,2011,2012,2013,2014,2015,2016,2017,2018,2019,2020",data/raw/climate/daymet-single-pixel/daymet_26057_1991_2020.csv,278039,5f6023ed36a798837c754bde69679bbe4bc0b2e6581f90fd3c683d661faa3ae8,2026-08-27 03:10:07 UTC,NA,NA,NA
Daymet county internal-point series 26059,"https://daymet.ornl.gov/single-pixel/api/data?lat=41.927461&lon=-84.637479&vars=tmin,tmax,prcp&years=1991,1992,1993,1994,1995,1996,1997,1998,1999,2000,2001,2002,2003,2004,2005,2006,2007,2008,2009,2010,2011,2012,2013,2014,2015,2016,2017,2018,2019,2020",data/raw/climate/daymet-single-pixel/daymet_26059_1991_2020.csv,278168,a8b75a6cebd60e7ef1bada783f08c7e027d188fbdbed8efefbc1b1bd10590779,2026-08-27 03:10:08 UTC,NA,NA,NA
Daymet county internal-point series 26061,"https://daymet.ornl.gov/single-pixel/api/data?lat=46.998427&lon=-88.651903&vars=tmin,tmax,prcp&years=1991,1992,1993,1994,1995,1996,1997,1998,1999,2000,2001,2002,2003,2004,2005,2006,2007,2008,2009,2010,2011,2012,2013,2014,2015,2016,2017,2018,2019,2020",data/raw/climate/daymet-single-pixel/daymet_26061_1991_2020.csv,279071,ff726707d96e6151740d464f9b80ebc82fd2211fc3f2621d146fc8919c9e5590,2026-08-27 03:10:09 UTC,NA,NA,NA
Daymet county internal-point series 26063,"https://daymet.ornl.gov/single-pixel/api/data?lat=43.907616&lon=-82.857045&vars=tmin,tmax,prcp&years=1991,1992,1993,1994,1995,1996,1997,1998,1999,2000,2001,2002,2003,2004,2005,2006,2007,2008,2009,2010,2011,2012,2013,2014,2015,2016,2017,2018,2019,2020",data/raw/climate/daymet-single-pixel/daymet_26063_1991_2020.csv,277482,f29901948efae3096273712039db687b806f9064757e5be9415f98e57ab1c67b,2026-08-27 03:10:09 UTC,NA,NA,NA
Daymet county internal-point series 26065,"https://daymet.ornl.gov/single-pixel/api/data?lat=42.603534&lon=-84.373811&vars=tmin,tmax,prcp&years=1991,1992,1993,1994,1995,1996,1997,1998,1999,2000,2001,2002,2003,2004,2005,2006,2007,2008,2009,2010,2011,2012,2013,2014,2015,2016,2017,2018,2019,2020",data/raw/climate/daymet-single-pixel/daymet_26065_1991_2020.csv,277983,775b79a7f47bc7aa491e3ed47f1ef08f5b421f29c34c171b4bd84e70b26436bb,2026-08-27 03:10:10 UTC,NA,NA,NA
Daymet county internal-point series 26067,"https://daymet.ornl.gov/single-pixel/api/data?lat=42.944650&lon=-85.073766&vars=tmin,tmax,prcp&years=1991,1992,1993,1994,1995,1996,1997,1998,1999,2000,2001,2002,2003,2004,2005,2006,2007,2008,2009,2010,2011,2012,2013,2014,2015,2016,2017,2018,2019,2020",data/raw/climate/daymet-single-pixel/daymet_26067_1991_2020.csv,278003,7aa6f9c878918eb3225d6e09bc85a43d876856a6e00d5ac3c8712791849c8842,2026-08-27 03:10:11 UTC,NA,NA,NA
Daymet county internal-point series 26069,"https://daymet.ornl.gov/single-pixel/api/data?lat=44.386912&lon=-83.380141&vars=tmin,tmax,prcp&years=1991,1992,1993,1994,1995,1996,1997,1998,1999,2000,2001,2002,2003,2004,2005,2006,2007,2008,2009,2010,2011,2012,2013,2014,2015,2016,2017,2018,2019,2020",data/raw/climate/daymet-single-pixel/daymet_26069_1991_2020.csv,277689,a2e4de0addbc293bfa29e4c7f73cd030496588abf3a920d08229bc416c5260bb,2026-08-27 03:10:12 UTC,NA,NA,NA
Daymet county internal-point series 26071,"https://daymet.ornl.gov/single-pixel/api/data?lat=46.170254&lon=-88.540526&vars=tmin,tmax,prcp&years=1991,1992,1993,1994,1995,1996,1997,1998,1999,2000,2001,2002,2003,2004,2005,2006,2007,2008,2009,2010,2011,2012,2013,2014,2015,2016,2017,2018,2019,2020",data/raw/climate/daymet-single-pixel/daymet_26071_1991_2020.csv,280095,be84d73e3938d7d8fb356c603303e44fca6eac8f1f0d4783caea6ff29ebe1380,2026-08-27 03:10:13 UTC,NA,NA,NA
Daymet county internal-point series 26073,"https://daymet.ornl.gov/single-pixel/api/data?lat=43.645233&lon=-84.839424&vars=tmin,tmax,prcp&years=1991,1992,1993,1994,1995,1996,1997,1998,1999,2000,2001,2002,2003,2004,2005,2006,2007,2008,2009,2010,2011,2012,2013,2014,2015,2016,2017,2018,2019,2020",data/raw/climate/daymet-single-pixel/daymet_26073_1991_2020.csv,278085,82b5da855d1e4e3894f9ad19cc5d1da8c108394b12c808f6975df3269d45b0fa,2026-08-27 03:10:13 UTC,NA,NA,NA
Daymet county internal-point series 26075,"https://daymet.ornl.gov/single-pixel/api/data?lat=42.248474&lon=-84.420868&vars=tmin,tmax,prcp&years=1991,1992,1993,1994,1995,1996,1997,1998,1999,2000,2001,2002,2003,2004,2005,2006,2007,2008,2009,2010,2011,2012,2013,2014,2015,2016,2017,2018,2019,2020",data/raw/climate/daymet-single-pixel/daymet_26075_1991_2020.csv,277948,cf070982dffb3620a6150a19fae78ea34181b3326c00e62ae3e9edb93185de75,2026-08-27 03:10:14 UTC,NA,NA,NA
Daymet county internal-point series 26077,"https://daymet.ornl.gov/single-pixel/api/data?lat=42.246266&lon=-85.532854&vars=tmin,tmax,prcp&years=1991,1992,1993,1994,1995,1996,1997,1998,1999,2000,2001,2002,2003,2004,2005,2006,2007,2008,2009,2010,2011,2012,2013,2014,2015,2016,2017,2018,2019,2020",data/raw/climate/daymet-single-pixel/daymet_26077_1991_2020.csv,277834,42124d82eb700a6748678d2252c2e317ba9832c4592d60bde1fcc48f94e385f4,2026-08-27 03:10:15 UTC,NA,NA,NA
Daymet county internal-point series 26079,"https://daymet.ornl.gov/single-pixel/api/data?lat=44.678881&lon=-85.088992&vars=tmin,tmax,prcp&years=1991,1992,1993,1994,1995,1996,1997,1998,1999,2000,2001,2002,2003,2004,2005,2006,2007,2008,2009,2010,2011,2012,2013,2014,2015,2016,2017,2018,2019,2020",data/raw/climate/daymet-single-pixel/daymet_26079_1991_2020.csv,278439,17e3909156e902e6a04419f7e0d1587e3f87966f74caa7274e8015181a97e4a8,2026-08-27 03:10:16 UTC,NA,NA,NA
Daymet county internal-point series 26081,"https://daymet.ornl.gov/single-pixel/api/data?lat=43.032497&lon=-85.547446&vars=tmin,tmax,prcp&years=1991,1992,1993,1994,1995,1996,1997,1998,1999,2000,2001,2002,2003,2004,2005,2006,2007,2008,2009,2010,2011,2012,2013,2014,2015,2016,2017,2018,2019,2020",data/raw/climate/daymet-single-pixel/daymet_26081_1991_2020.csv,277674,b62f1ec6a62c98eb2fb40d1733646360dd51f7824ab36bbaf8ec6a746f4520dc,2026-08-27 03:10:17 UTC,NA,NA,NA
Daymet county internal-point series 26083,"https://daymet.ornl.gov/single-pixel/api/data?lat=47.367297&lon=-88.351332&vars=tmin,tmax,prcp&years=1991,1992,1993,1994,1995,1996,1997,1998,1999,2000,2001,2002,2003,2004,2005,2006,2007,2008,2009,2010,2011,2012,2013,2014,2015,2016,2017,2018,2019,2020",data/raw/climate/daymet-single-pixel/daymet_26083_1991_2020.csv,278617,ca24bc760287b5fac75840287a2d477068102247daf1facd407518ba7d654567,2026-08-27 03:10:17 UTC,NA,NA,NA
Daymet county internal-point series 26085,"https://daymet.ornl.gov/single-pixel/api/data?lat=43.995187&lon=-85.811400&vars=tmin,tmax,prcp&years=1991,1992,1993,1994,1995,1996,1997,1998,1999,2000,2001,2002,2003,2004,2005,2006,2007,2008,2009,2010,2011,2012,2013,2014,2015,2016,2017,2018,2019,2020",data/raw/climate/daymet-single-pixel/daymet_26085_1991_2020.csv,278067,64e8538243fdf068f58f012018716e7f4ce4b4f342306d173326b137e2a65211,2026-08-27 03:10:18 UTC,NA,NA,NA
Daymet county internal-point series 26087,"https://daymet.ornl.gov/single-pixel/api/data?lat=43.088633&lon=-83.224325&vars=tmin,tmax,prcp&years=1991,1992,1993,1994,1995,1996,1997,1998,1999,2000,2001,2002,2003,2004,2005,2006,2007,2008,2009,2010,2011,2012,2013,2014,2015,2016,2017,2018,2019,2020",data/raw/climate/daymet-single-pixel/daymet_26087_1991_2020.csv,277951,992366c0cc1c78a6548c16360eddc62b23dd92b16d8cac7c2089003759fa7584,2026-08-27 03:10:19 UTC,NA,NA,NA
Daymet county internal-point series 26089,"https://daymet.ornl.gov/single-pixel/api/data?lat=45.146182&lon=-86.051574&vars=tmin,tmax,prcp&years=1991,1992,1993,1994,1995,1996,1997,1998,1999,2000,2001,2002,2003,2004,2005,2006,2007,2008,2009,2010,2011,2012,2013,2014,2015,2016,2017,2018,2019,2020",data/raw/climate/daymet-single-pixel/daymet_26089_1991_2020.csv,277673,553d4b45d492069f0f9c833182fb123aab6ece62e12be8f44ed4a27346bb1992,2026-08-27 03:10:20 UTC,NA,NA,NA
Daymet county internal-point series 26091,"https://daymet.ornl.gov/single-pixel/api/data?lat=41.896022&lon=-84.074356&vars=tmin,tmax,prcp&years=1991,1992,1993,1994,1995,1996,1997,1998,1999,2000,2001,2002,2003,2004,2005,2006,2007,2008,2009,2010,2011,2012,2013,2014,2015,2016,2017,2018,2019,2020",data/raw/climate/daymet-single-pixel/daymet_26091_1991_2020.csv,277890,7d0b33d3253925008986a8de6feeddc4f4f9775475481c0605946c47751ae706,2026-08-27 03:10:20 UTC,NA,NA,NA
Daymet county internal-point series 26093,"https://daymet.ornl.gov/single-pixel/api/data?lat=42.602532&lon=-83.911718&vars=tmin,tmax,prcp&years=1991,1992,1993,1994,1995,1996,1997,1998,1999,2000,2001,2002,2003,2004,2005,2006,2007,2008,2009,2010,2011,2012,2013,2014,2015,2016,2017,2018,2019,2020",data/raw/climate/daymet-single-pixel/daymet_26093_1991_2020.csv,277995,bb686d59802f7af99b2164e4176eb892d7ff55f70cd10b6226991f760b5d0fe8,2026-08-27 03:10:21 UTC,NA,NA,NA
Daymet county internal-point series 26095,"https://daymet.ornl.gov/single-pixel/api/data?lat=46.510988&lon=-85.517552&vars=tmin,tmax,prcp&years=1991,1992,1993,1994,1995,1996,1997,1998,1999,2000,2001,2002,2003,2004,2005,2006,2007,2008,2009,2010,2011,2012,2013,2014,2015,2016,2017,2018,2019,2020",data/raw/climate/daymet-single-pixel/daymet_26095_1991_2020.csv,278515,6eefca5c0fea494bffe2c6e12959af5c05ed96e44698fcef601ed63e79bdf9cb,2026-08-27 03:10:22 UTC,NA,NA,NA
Daymet county internal-point series 26097,"https://daymet.ornl.gov/single-pixel/api/data?lat=46.167868&lon=-85.303762&vars=tmin,tmax,prcp&years=1991,1992,1993,1994,1995,1996,1997,1998,1999,2000,2001,2002,2003,2004,2005,2006,2007,2008,2009,2010,2011,2012,2013,2014,2015,2016,2017,2018,2019,2020",data/raw/climate/daymet-single-pixel/daymet_26097_1991_2020.csv,278548,e6f939bddc6590083799ba7be230baafbd24d604ee382be97daced337db09266,2026-08-27 03:10:23 UTC,NA,NA,NA
Daymet county internal-point series 26099,"https://daymet.ornl.gov/single-pixel/api/data?lat=42.671553&lon=-82.911456&vars=tmin,tmax,prcp&years=1991,1992,1993,1994,1995,1996,1997,1998,1999,2000,2001,2002,2003,2004,2005,2006,2007,2008,2009,2010,2011,2012,2013,2014,2015,2016,2017,2018,2019,2020",data/raw/climate/daymet-single-pixel/daymet_26099_1991_2020.csv,277565,d2001f6ef9cade62930e9c7abd897b771b6927dc2667729f78bfe13ea74e2881,2026-08-27 03:10:23 UTC,NA,NA,NA
Daymet county internal-point series 26101,"https://daymet.ornl.gov/single-pixel/api/data?lat=44.245268&lon=-86.327537&vars=tmin,tmax,prcp&years=1991,1992,1993,1994,1995,1996,1997,1998,1999,2000,2001,2002,2003,2004,2005,2006,2007,2008,2009,2010,2011,2012,2013,2014,2015,2016,2017,2018,2019,2020",data/raw/climate/daymet-single-pixel/daymet_26101_1991_2020.csv,277301,d1034991253a6c8886729ae508f5c6da35527e01ed08f2229d2120fc50bddbac,2026-08-27 03:10:24 UTC,NA,NA,NA
Daymet county internal-point series 26103,"https://daymet.ornl.gov/single-pixel/api/data?lat=46.656596&lon=-87.584028&vars=tmin,tmax,prcp&years=1991,1992,1993,1994,1995,1996,1997,1998,1999,2000,2001,2002,2003,2004,2005,2006,2007,2008,2009,2010,2011,2012,2013,2014,2015,2016,2017,2018,2019,2020",data/raw/climate/daymet-single-pixel/daymet_26103_1991_2020.csv,278522,8c154fb0658ff5938afaa7c5485a7f0881bb75fd9fabfe5eaaa7297a8939292f,2026-08-27 03:10:25 UTC,NA,NA,NA
Daymet county internal-point series 26105,"https://daymet.ornl.gov/single-pixel/api/data?lat=43.957196&lon=-86.442937&vars=tmin,tmax,prcp&years=1991,1992,1993,1994,1995,1996,1997,1998,1999,2000,2001,2002,2003,2004,2005,2006,2007,2008,2009,2010,2011,2012,2013,2014,2015,2016,2017,2018,2019,2020",data/raw/climate/daymet-single-pixel/daymet_26105_1991_2020.csv,277332,a93a4ba081ecc394eba5907bccb22353b666600db7d6cb21236acc424e5a3a31,2026-08-27 03:10:25 UTC,NA,NA,NA
Daymet county internal-point series 26107,"https://daymet.ornl.gov/single-pixel/api/data?lat=43.635295&lon=-85.332751&vars=tmin,tmax,prcp&years=1991,1992,1993,1994,1995,1996,1997,1998,1999,2000,2001,2002,2003,2004,2005,2006,2007,2008,2009,2010,2011,2012,2013,2014,2015,2016,2017,2018,2019,2020",data/raw/climate/daymet-single-pixel/daymet_26107_1991_2020.csv,278294,978f926c5b1aca54a371e57cb8d808305c9cc3cf69ac173e2e2d1a1cc61a1992,2026-08-27 03:10:26 UTC,NA,NA,NA
Daymet county internal-point series 26109,"https://daymet.ornl.gov/single-pixel/api/data?lat=45.535568&lon=-87.501457&vars=tmin,tmax,prcp&years=1991,1992,1993,1994,1995,1996,1997,1998,1999,2000,2001,2002,2003,2004,2005,2006,2007,2008,2009,2010,2011,2012,2013,2014,2015,2016,2017,2018,2019,2020",data/raw/climate/daymet-single-pixel/daymet_26109_1991_2020.csv,278713,66983d52b1cfcc3bd23f6819f04b0017f0ed697c5573aa48b68d958a3a1827f6,2026-08-27 03:10:27 UTC,NA,NA,NA
Daymet county internal-point series 26111,"https://daymet.ornl.gov/single-pixel/api/data?lat=43.648203&lon=-84.379414&vars=tmin,tmax,prcp&years=1991,1992,1993,1994,1995,1996,1997,1998,1999,2000,2001,2002,2003,2004,2005,2006,2007,2008,2009,2010,2011,2012,2013,2014,2015,2016,2017,2018,2019,2020",data/raw/climate/daymet-single-pixel/daymet_26111_1991_2020.csv,277932,27b620fbcd274d5b91a8e8a02fc06a05747645313c4bf460ce140c21490694c1,2026-08-27 03:10:27 UTC,NA,NA,NA
Daymet county internal-point series 26113,"https://daymet.ornl.gov/single-pixel/api/data?lat=44.325424&lon=-85.085471&vars=tmin,tmax,prcp&years=1991,1992,1993,1994,1995,1996,1997,1998,1999,2000,2001,2002,2003,2004,2005,2006,2007,2008,2009,2010,2011,2012,2013,2014,2015,2016,2017,2018,2019,2020",data/raw/climate/daymet-single-pixel/daymet_26113_1991_2020.csv,278415,bbeadd060d85074d4342b96f91405be87cfc2689c4d36a7bf811c041bf8b8d1f,2026-08-27 03:10:28 UTC,NA,NA,NA
Daymet county internal-point series 26115,"https://daymet.ornl.gov/single-pixel/api/data?lat=41.916097&lon=-83.487106&vars=tmin,tmax,prcp&years=1991,1992,1993,1994,1995,1996,1997,1998,1999,2000,2001,2002,2003,2004,2005,2006,2007,2008,2009,2010,2011,2012,2013,2014,2015,2016,2017,2018,2019,2020",data/raw/climate/daymet-single-pixel/daymet_26115_1991_2020.csv,277623,f54e47f72428f1eb5e87a431e31f839e1a8e46f33546b36fd1dfea634562b189,2026-08-27 03:10:29 UTC,NA,NA,NA
Daymet county internal-point series 26117,"https://daymet.ornl.gov/single-pixel/api/data?lat=43.312782&lon=-85.149468&vars=tmin,tmax,prcp&years=1991,1992,1993,1994,1995,1996,1997,1998,1999,2000,2001,2002,2003,2004,2005,2006,2007,2008,2009,2010,2011,2012,2013,2014,2015,2016,2017,2018,2019,2020",data/raw/climate/daymet-single-pixel/daymet_26117_1991_2020.csv,278273,7f72dd25346cde56278b3a62370652cb9c0575d231167039a79365b12178f688,2026-08-27 03:10:29 UTC,NA,NA,NA
Daymet county internal-point series 26119,"https://daymet.ornl.gov/single-pixel/api/data?lat=45.024134&lon=-84.130107&vars=tmin,tmax,prcp&years=1991,1992,1993,1994,1995,1996,1997,1998,1999,2000,2001,2002,2003,2004,2005,2006,2007,2008,2009,2010,2011,2012,2013,2014,2015,2016,2017,2018,2019,2020",data/raw/climate/daymet-single-pixel/daymet_26119_1991_2020.csv,278328,f89a4543440d8ccc33e38846721ef4e7c220cb11cc6658ebb4a1a68ea0545e57,2026-08-27 03:10:30 UTC,NA,NA,NA
Daymet county internal-point series 26121,"https://daymet.ornl.gov/single-pixel/api/data?lat=43.428739&lon=-86.420908&vars=tmin,tmax,prcp&years=1991,1992,1993,1994,1995,1996,1997,1998,1999,2000,2001,2002,2003,2004,2005,2006,2007,2008,2009,2010,2011,2012,2013,2014,2015,2016,2017,2018,2019,2020",data/raw/climate/daymet-single-pixel/daymet_26121_1991_2020.csv,277427,120950ced5591d22f41f4fe524a0b9fb8e073106e6751475512a86e001b56687,2026-08-27 03:10:31 UTC,NA,NA,NA
Daymet county internal-point series 26123,"https://daymet.ornl.gov/single-pixel/api/data?lat=43.562712&lon=-85.791372&vars=tmin,tmax,prcp&years=1991,1992,1993,1994,1995,1996,1997,1998,1999,2000,2001,2002,2003,2004,2005,2006,2007,2008,2009,2010,2011,2012,2013,2014,2015,2016,2017,2018,2019,2020",data/raw/climate/daymet-single-pixel/daymet_26123_1991_2020.csv,277971,b10d6078e87c81d57171a08a0fc8872349791d7dbcafad61d5c6bd59c71a09f2,2026-08-27 03:10:32 UTC,NA,NA,NA
Daymet county internal-point series 26125,"https://daymet.ornl.gov/single-pixel/api/data?lat=42.660452&lon=-83.384210&vars=tmin,tmax,prcp&years=1991,1992,1993,1994,1995,1996,1997,1998,1999,2000,2001,2002,2003,2004,2005,2006,2007,2008,2009,2010,2011,2012,2013,2014,2015,2016,2017,2018,2019,2020",data/raw/climate/daymet-single-pixel/daymet_26125_1991_2020.csv,277946,d3893e838826d7b776853c398fdfb1d41d1bc3c28f43b5c5bf87896074bb1343,2026-08-27 03:10:32 UTC,NA,NA,NA
Daymet county internal-point series 26127,"https://daymet.ornl.gov/single-pixel/api/data?lat=43.603954&lon=-86.467177&vars=tmin,tmax,prcp&years=1991,1992,1993,1994,1995,1996,1997,1998,1999,2000,2001,2002,2003,2004,2005,2006,2007,2008,2009,2010,2011,2012,2013,2014,2015,2016,2017,2018,2019,2020",data/raw/climate/daymet-single-pixel/daymet_26127_1991_2020.csv,277544,c17f0326af3a694de0a45e1b59c0783559fcc9713757960ebd0a0ecaf72a8bd0,2026-08-27 03:10:33 UTC,NA,NA,NA
Daymet county internal-point series 26129,"https://daymet.ornl.gov/single-pixel/api/data?lat=44.333280&lon=-84.128073&vars=tmin,tmax,prcp&years=1991,1992,1993,1994,1995,1996,1997,1998,1999,2000,2001,2002,2003,2004,2005,2006,2007,2008,2009,2010,2011,2012,2013,2014,2015,2016,2017,2018,2019,2020",data/raw/climate/daymet-single-pixel/daymet_26129_1991_2020.csv,278297,0813e31c4c2300c92a9ba3f6a499d3c157a2947f8ed6734b83fcc8f1db199b0f,2026-08-27 03:10:34 UTC,NA,NA,NA
Daymet county internal-point series 26131,"https://daymet.ornl.gov/single-pixel/api/data?lat=46.835203&lon=-89.276943&vars=tmin,tmax,prcp&years=1991,1992,1993,1994,1995,1996,1997,1998,1999,2000,2001,2002,2003,2004,2005,2006,2007,2008,2009,2010,2011,2012,2013,2014,2015,2016,2017,2018,2019,2020",data/raw/climate/daymet-single-pixel/daymet_26131_1991_2020.csv,279040,26e20603853933bb6d0418139fb4286b74e4dd668181333fb20b16f6c869701d,2026-08-27 03:10:35 UTC,NA,NA,NA
Daymet county internal-point series 26133,"https://daymet.ornl.gov/single-pixel/api/data?lat=43.997552&lon=-85.322283&vars=tmin,tmax,prcp&years=1991,1992,1993,1994,1995,1996,1997,1998,1999,2000,2001,2002,2003,2004,2005,2006,2007,2008,2009,2010,2011,2012,2013,2014,2015,2016,2017,2018,2019,2020",data/raw/climate/daymet-single-pixel/daymet_26133_1991_2020.csv,278623,066b2c6066e1ca55fc6ed1edfafd3a13334574fd06ab1d924307a6e6a0332c1d,2026-08-27 03:10:35 UTC,NA,NA,NA
Daymet county internal-point series 26135,"https://daymet.ornl.gov/single-pixel/api/data?lat=44.687257&lon=-84.126905&vars=tmin,tmax,prcp&years=1991,1992,1993,1994,1995,1996,1997,1998,1999,2000,2001,2002,2003,2004,2005,2006,2007,2008,2009,2010,2011,2012,2013,2014,2015,2016,2017,2018,2019,2020",data/raw/climate/daymet-single-pixel/daymet_26135_1991_2020.csv,278392,57feb8244dbc83f5c6032337603ee6124d680c932198d47ed8baa8ae2cf9451b,2026-08-27 03:10:36 UTC,NA,NA,NA
Daymet county internal-point series 26137,"https://daymet.ornl.gov/single-pixel/api/data?lat=45.021787&lon=-84.576603&vars=tmin,tmax,prcp&years=1991,1992,1993,1994,1995,1996,1997,1998,1999,2000,2001,2002,2003,2004,2005,2006,2007,2008,2009,2010,2011,2012,2013,2014,2015,2016,2017,2018,2019,2020",data/raw/climate/daymet-single-pixel/daymet_26137_1991_2020.csv,278809,f15b9c91cb7d6950be8c368a4a8b738b936e9ff3d1d07ed5010663af41069e9a,2026-08-27 03:10:37 UTC,NA,NA,NA
Daymet county internal-point series 26139,"https://daymet.ornl.gov/single-pixel/api/data?lat=43.054969&lon=-86.219349&vars=tmin,tmax,prcp&years=1991,1992,1993,1994,1995,1996,1997,1998,1999,2000,2001,2002,2003,2004,2005,2006,2007,2008,2009,2010,2011,2012,2013,2014,2015,2016,2017,2018,2019,2020",data/raw/climate/daymet-single-pixel/daymet_26139_1991_2020.csv,277227,b288387c2d2426366f8c2587dbcbba5656293df911ba419e49be1ce618bc23f8,2026-08-27 03:10:38 UTC,NA,NA,NA
Daymet county internal-point series 26141,"https://daymet.ornl.gov/single-pixel/api/data?lat=45.252397&lon=-83.432283&vars=tmin,tmax,prcp&years=1991,1992,1993,1994,1995,1996,1997,1998,1999,2000,2001,2002,2003,2004,2005,2006,2007,2008,2009,2010,2011,2012,2013,2014,2015,2016,2017,2018,2019,2020",data/raw/climate/daymet-single-pixel/daymet_26141_1991_2020.csv,277770,2b0735dc203654fd5b53233b53877a1dcd2783c1a4992239c1c53c4251a9ac13,2026-08-27 03:10:39 UTC,NA,NA,NA
Daymet county internal-point series 26143,"https://daymet.ornl.gov/single-pixel/api/data?lat=44.339517&lon=-84.611271&vars=tmin,tmax,prcp&years=1991,1992,1993,1994,1995,1996,1997,1998,1999,2000,2001,2002,2003,2004,2005,2006,2007,2008,2009,2010,2011,2012,2013,2014,2015,2016,2017,2018,2019,2020",data/raw/climate/daymet-single-pixel/daymet_26143_1991_2020.csv,278309,0e6f8a97d828c7153bc975a106206cfe2d3b914e058466206399a51d55650182,2026-08-27 03:10:40 UTC,NA,NA,NA
Daymet county internal-point series 26145,"https://daymet.ornl.gov/single-pixel/api/data?lat=43.328267&lon=-84.055410&vars=tmin,tmax,prcp&years=1991,1992,1993,1994,1995,1996,1997,1998,1999,2000,2001,2002,2003,2004,2005,2006,2007,2008,2009,2010,2011,2012,2013,2014,2015,2016,2017,2018,2019,2020",data/raw/climate/daymet-single-pixel/daymet_26145_1991_2020.csv,277892,4b038dc59ee966b2ff8fca5e8579788a4f1e48a7a8fde8a35d6aae5f8def5da3,2026-08-27 03:10:40 UTC,NA,NA,NA
Daymet county internal-point series 26147,"https://daymet.ornl.gov/single-pixel/api/data?lat=42.928803&lon=-82.668913&vars=tmin,tmax,prcp&years=1991,1992,1993,1994,1995,1996,1997,1998,1999,2000,2001,2002,2003,2004,2005,2006,2007,2008,2009,2010,2011,2012,2013,2014,2015,2016,2017,2018,2019,2020",data/raw/climate/daymet-single-pixel/daymet_26147_1991_2020.csv,277615,224392164abf0568c10d8fb827607d507ff1b29a4d79c5b8dd02cc0fb49fc6c7,2026-08-27 03:10:41 UTC,NA,NA,NA
Daymet county internal-point series 26149,"https://daymet.ornl.gov/single-pixel/api/data?lat=41.911488&lon=-85.522870&vars=tmin,tmax,prcp&years=1991,1992,1993,1994,1995,1996,1997,1998,1999,2000,2001,2002,2003,2004,2005,2006,2007,2008,2009,2010,2011,2012,2013,2014,2015,2016,2017,2018,2019,2020",data/raw/climate/daymet-single-pixel/daymet_26149_1991_2020.csv,277953,fc001b770564e3047c9ae7eb8e008f2fc0020f61511588b116a297b09dcba3ab,2026-08-27 03:10:42 UTC,NA,NA,NA
Daymet county internal-point series 26151,"https://daymet.ornl.gov/single-pixel/api/data?lat=43.449155&lon=-82.642815&vars=tmin,tmax,prcp&years=1991,1992,1993,1994,1995,1996,1997,1998,1999,2000,2001,2002,2003,2004,2005,2006,2007,2008,2009,2010,2011,2012,2013,2014,2015,2016,2017,2018,2019,2020",data/raw/climate/daymet-single-pixel/daymet_26151_1991_2020.csv,277735,d2983c4fb881fe3860a9a2fc36f731d3b785879723cf94e6ffee6fed76b29f95,2026-08-27 03:10:43 UTC,NA,NA,NA
Daymet county internal-point series 26153,"https://daymet.ornl.gov/single-pixel/api/data?lat=46.021122&lon=-86.197029&vars=tmin,tmax,prcp&years=1991,1992,1993,1994,1995,1996,1997,1998,1999,2000,2001,2002,2003,2004,2005,2006,2007,2008,2009,2010,2011,2012,2013,2014,2015,2016,2017,2018,2019,2020",data/raw/climate/daymet-single-pixel/daymet_26153_1991_2020.csv,278104,22388cc8ed3bca796b8e7d97cf26113d324a136d9ceda4677194b692c2be5faa,2026-08-27 03:10:44 UTC,NA,NA,NA
Daymet county internal-point series 26155,"https://daymet.ornl.gov/single-pixel/api/data?lat=42.951545&lon=-84.146352&vars=tmin,tmax,prcp&years=1991,1992,1993,1994,1995,1996,1997,1998,1999,2000,2001,2002,2003,2004,2005,2006,2007,2008,2009,2010,2011,2012,2013,2014,2015,2016,2017,2018,2019,2020",data/raw/climate/daymet-single-pixel/daymet_26155_1991_2020.csv,277917,284d432964c9044fcf22d3881b91fc2a366227e6967dcb18e6a194db84e08f61,2026-08-27 03:10:44 UTC,NA,NA,NA
Daymet county internal-point series 26157,"https://daymet.ornl.gov/single-pixel/api/data?lat=43.487902&lon=-83.436618&vars=tmin,tmax,prcp&years=1991,1992,1993,1994,1995,1996,1997,1998,1999,2000,2001,2002,2003,2004,2005,2006,2007,2008,2009,2010,2011,2012,2013,2014,2015,2016,2017,2018,2019,2020",data/raw/climate/daymet-single-pixel/daymet_26157_1991_2020.csv,277974,104d046f3a55ef9462be215ea449110bbdb40efbcbeda73408ba0cdedb637197,2026-08-27 03:10:45 UTC,NA,NA,NA
Daymet county internal-point series 26159,"https://daymet.ornl.gov/single-pixel/api/data?lat=42.282150&lon=-86.306076&vars=tmin,tmax,prcp&years=1991,1992,1993,1994,1995,1996,1997,1998,1999,2000,2001,2002,2003,2004,2005,2006,2007,2008,2009,2010,2011,2012,2013,2014,2015,2016,2017,2018,2019,2020",data/raw/climate/daymet-single-pixel/daymet_26159_1991_2020.csv,277407,b6558e8608cb9672c8288443604987bf1fdf703651c00daae24ec42904348f75,2026-08-27 03:10:46 UTC,NA,NA,NA
Daymet county internal-point series 26161,"https://daymet.ornl.gov/single-pixel/api/data?lat=42.252217&lon=-83.843423&vars=tmin,tmax,prcp&years=1991,1992,1993,1994,1995,1996,1997,1998,1999,2000,2001,2002,2003,2004,2005,2006,2007,2008,2009,2010,2011,2012,2013,2014,2015,2016,2017,2018,2019,2020",data/raw/climate/daymet-single-pixel/daymet_26161_1991_2020.csv,277981,a0237e673c286eff5b20f6096d5f8756a041f3a9b55c2f1673f71d10f5624bd6,2026-08-27 03:10:47 UTC,NA,NA,NA
Daymet county internal-point series 26163,"https://daymet.ornl.gov/single-pixel/api/data?lat=42.284664&lon=-83.261953&vars=tmin,tmax,prcp&years=1991,1992,1993,1994,1995,1996,1997,1998,1999,2000,2001,2002,2003,2004,2005,2006,2007,2008,2009,2010,2011,2012,2013,2014,2015,2016,2017,2018,2019,2020",data/raw/climate/daymet-single-pixel/daymet_26163_1991_2020.csv,277547,8584b1bd2bd932ccbd18cb1cff1fbac9c2074f763a04f7c7c607513180fa128c,2026-08-27 03:10:47 UTC,NA,NA,NA
Daymet county internal-point series 26165,"https://daymet.ornl.gov/single-pixel/api/data?lat=44.331375&lon=-85.570046&vars=tmin,tmax,prcp&years=1991,1992,1993,1994,1995,1996,1997,1998,1999,2000,2001,2002,2003,2004,2005,2006,2007,2008,2009,2010,2011,2012,2013,2014,2015,2016,2017,2018,2019,2020",data/raw/climate/daymet-single-pixel/daymet_26165_1991_2020.csv,278455,d53005bc6e17e850f88c1b379c4b5f0f1547470e9271c79f8c1438d2efd32eef,2026-08-27 03:10:48 UTC,NA,NA,NA
