topic,evidence_or_definition,limitation_or_required_work,source
Seedlings,"SEEDLING contains species counts per microplot, not individually linked seedling records.","Cannot infer individual seedling survival, growth, or the fraction converting to saplings.",FIADB SEEDLING schema; R/longitudinal.R
Conservative new sapling endpoint,"TREE SPCD=318, STATUSCD=1, 1<=DIA<5, RECONCILECD=1, PREV_TRE_CN null, comparable sampled forest footprint.",New live sapling tally at follow-up is a condition-level establishment proxy; exact crossing date and intervening deaths are unobserved.,"FIADB User Guide v9.4, section 3.1.82; https://research.fs.usda.gov/sites/default/files/2025-08/wo-v9-4_Aug2025_UG_FIADB_database_description_NFI.pdf"
Larger new TREE records,RECONCILECD=1 also occurs on new >=5-inch trees sampled on larger subplots.,Do not interpret these as measured seedling-to-sapling transitions; they may have been untallied saplings outside the microplot. Code 2 through-growth needs separate review.,"FIADB User Guide v9.4, RECONCILECD and national plot design"
Reconciliation versions,"Starting MANUAL=9.0, RECONCILECD 1-2 exclude procedure/definition changes and cruiser error; codes 7/8 handle those cases. Missed-live code 3 is retired from version 9.0.",Audit each historical manual period; a null PREV_TRE_CN alone never establishes biological recruitment.,"FIADB User Guide v9.4, section 3.1.82"
Tagged tree fates,Join follow-up PREV_TRE_CN to baseline TREE.CN and expected successor PLOT.CN; retain STATUSCD and RECONCILECD.,"Do not label STATUSCD=0, unlinked records, or species reidentifications as mortality; audit dead-sapling protocol changes before pooling historical fates.",FIADB TREE and PLOT schema; FIADB User Guide STATUSCD/RECONCILECD
Sampled zero-tree visit,"The audit recomputes follow-up sapling absence from TREE in conditions already verified sampled and comparable, and exports aggregate BALIVE/treatment/tally diagnostics.",Zero is defensible only on a verified sampled frame; do not globally fill absent measurements with zero.,"Current cohort COND, PLOT, and TREE records"
Historical scope,"Active group-800 codes used: 801, 802, 805, 809; both visits DESIGNCD=1, MANUAL>=1; current EVALID filter removed.","Not a validated pooled cohort: audit old forest-type codes, seedling protocols, sample-kind/duplicate records, condition transitions, interval outliers, and overlap before modeling.",Existing longitudinal extractor with only evaluation scope generalized
Selection,Baseline requires maple >=5 inches and current active northern-hardwood forest type; follow-up requires sampled forest and stable microplot condition mapping.,Does not represent all Michigan forest or converted/nonsampled/strongly remapped conditions; examine excluded-condition bias and survey design.,R/longitudinal.R; this audit
Recommended question,Which baseline conditions predict new sugar-maple sapling tally and retention or diameter growth of already established saplings?,"Use separate stage-specific endpoints and clustered validation; declare a retrospective temporal check before model comparisons. This snapshot has already been explored, so it is not untouched validation. Compare against starting abundance and sampling effort.","Feasibility audit; proposed research direction, not fitted inference"
